timestamp,charge
2024-03-01 00:00:00,50.08
2024-03-01 00:01:00,49.77
2024-03-01 00:02:00,52.47
2024-03-01 00:03:00,51.87
2024-03-01 00:04:00,54.34
2024-03-01 00:05:00,58.51
2024-03-01 00:06:00,61.26
2024-03-01 00:07:00,64.14
2024-03-01 00:08:00,66.3
2024-03-01 00:09:00,66.23
2024-03-01 00:10:00,68.23
2024-03-01 00:11:00,66.8
2024-03-01 00:12:00,69.39
2024-03-01 00:13:00,71.87
2024-03-01 00:14:00,72.14
2024-03-01 00:15:00,69.22
2024-03-01 00:16:00,69.46
2024-03-01 00:17:00,70.24
2024-03-01 00:18:00,67.74
2024-03-01 00:19:00,67.63
2024-03-01 00:20:00,66.0
2024-03-01 00:21:00,67.63
2024-03-01 00:22:00,64.94
2024-03-01 00:23:00,61.93
2024-03-01 00:24:00,64.79
2024-03-01 00:25:00,58.71
2024-03-01 00:26:00,54.04
2024-03-01 00:27:00,56.67
2024-03-01 00:28:00,52.91
2024-03-01 00:29:00,53.61
2024-03-01 00:30:00,52.39
2024-03-01 00:31:00,50.43
2024-03-01 00:32:00,43.93
2024-03-01 00:33:00,45.19
2024-03-01 00:34:00,38.99
2024-03-01 00:35:00,40.53
2024-03-01 00:36:00,35.12
2024-03-01 00:37:00,39.78
2024-03-01 00:38:00,33.42
2024-03-01 00:39:00,34.6
2024-03-01 00:40:00,29.91
2024-03-01 00:41:00,33.72
2024-03-01 00:42:00,34.99
2024-03-01 00:43:00,30.26
2024-03-01 00:44:00,28.46
2024-03-01 00:45:00,30.21
2024-03-01 00:46:00,28.38
2024-03-01 00:47:00,31.05
2024-03-01 00:48:00,31.03
2024-03-01 00:49:00,33.01
2024-03-01 00:50:00,34.94
2024-03-01 00:51:00,33.18
2024-03-01 00:52:00,36.65
2024-03-01 00:53:00,37.87
2024-03-01 00:54:00,36.41
2024-03-01 00:55:00,41.55
2024-03-01 00:56:00,47.3
2024-03-01 00:57:00,43.13
2024-03-01 00:58:00,43.3
2024-03-01 00:59:00,46.79
2024-03-01 01:00:00,48.94
2024-03-01 01:01:00,49.98
2024-03-01 01:02:00,52.43
2024-03-01 01:03:00,56.33
2024-03-01 01:04:00,57.78
2024-03-01 01:05:00,59.2
2024-03-01 01:06:00,60.03
2024-03-01 01:07:00,67.22
2024-03-01 01:08:00,65.6
2024-03-01 01:09:00,71.37
2024-03-01 01:10:00,69.93
2024-03-01 01:11:00,68.01
2024-03-01 01:12:00,69.88
2024-03-01 01:13:00,69.79
2024-03-01 01:14:00,70.44
2024-03-01 01:15:00,71.69
2024-03-01 01:16:00,72.6
2024-03-01 01:17:00,71.89
2024-03-01 01:18:00,68.06
2024-03-01 01:19:00,69.37
2024-03-01 01:20:00,69.21
2024-03-01 01:21:00,66.71
2024-03-01 01:22:00,65.86
2024-03-01 01:23:00,63.41
2024-03-01 01:24:00,58.05
2024-03-01 01:25:00,57.14
2024-03-01 01:26:00,59.16
2024-03-01 01:27:00,59.3
2024-03-01 01:28:00,54.19
2024-03-01 01:29:00,52.19
2024-03-01 01:30:00,53.08
2024-03-01 01:31:00,45.57
2024-03-01 01:32:00,46.98
2024-03-01 01:33:00,44.33
2024-03-01 01:34:00,42.32
2024-03-01 01:35:00,44.57
2024-03-01 01:36:00,35.57
2024-03-01 01:37:00,39.07
2024-03-01 01:38:00,33.33
2024-03-01 01:39:00,34.59
2024-03-01 01:40:00,32.95
2024-03-01 01:41:00,28.98
2024-03-01 01:42:00,30.66
2024-03-01 01:43:00,33.06
2024-03-01 01:44:00,29.04
2024-03-01 01:45:00,26.41
2024-03-01 01:46:00,28.85
2024-03-01 01:47:00,27.87
2024-03-01 01:48:00,30.25
2024-03-01 01:49:00,31.23
2024-03-01 01:50:00,35.66
2024-03-01 01:51:00,32.75
2024-03-01 01:52:00,34.7
2024-03-01 01:53:00,39.66
2024-03-01 01:54:00,36.12
2024-03-01 01:55:00,37.98
2024-03-01 01:56:00,39.98
2024-03-01 01:57:00,45.62
2024-03-01 01:58:00,45.12
2024-03-01 01:59:00,46.78
2024-03-01 02:00:00,48.99
2024-03-01 02:01:00,52.04
2024-03-01 02:02:00,57.63
2024-03-01 02:03:00,58.89
2024-03-01 02:04:00,61.13
2024-03-01 02:05:00,62.98
2024-03-01 02:06:00,59.59
2024-03-01 02:07:00,63.8
2024-03-01 02:08:00,63.75
2024-03-01 02:09:00,67.93
2024-03-01 02:10:00,65.47
2024-03-01 02:11:00,70.07
2024-03-01 02:12:00,67.12
2024-03-01 02:13:00,72.75
2024-03-01 02:14:00,70.05
2024-03-01 02:15:00,71.5
2024-03-01 02:16:00,65.25
2024-03-01 02:17:00,70.13
2024-03-01 02:18:00,72.19
2024-03-01 02:19:00,68.75
2024-03-01 02:20:00,69.36
2024-03-01 02:21:00,66.26
2024-03-01 02:22:00,65.06
2024-03-01 02:23:00,61.22
2024-03-01 02:24:00,60.37
2024-03-01 02:25:00,60.66
2024-03-01 02:26:00,56.71
2024-03-01 02:27:00,56.4
2024-03-01 02:28:00,53.55
2024-03-01 02:29:00,54.94
2024-03-01 02:30:00,46.26
2024-03-01 02:31:00,45.21
2024-03-01 02:32:00,48.23
2024-03-01 02:33:00,43.35
2024-03-01 02:34:00,43.3
2024-03-01 02:35:00,40.88
2024-03-01 02:36:00,35.27
2024-03-01 02:37:00,36.28
2024-03-01 02:38:00,36.23
2024-03-01 02:39:00,33.43
2024-03-01 02:40:00,36.61
2024-03-01 02:41:00,32.65
2024-03-01 02:42:00,32.14
2024-03-01 02:43:00,27.23
2024-03-01 02:44:00,27.16
2024-03-01 02:45:00,30.59
2024-03-01 02:46:00,29.0
2024-03-01 02:47:00,31.13
2024-03-01 02:48:00,28.26
2024-03-01 02:49:00,33.96
2024-03-01 02:50:00,34.31
2024-03-01 02:51:00,28.99
2024-03-01 02:52:00,37.44
2024-03-01 02:53:00,34.65
2024-03-01 02:54:00,35.06
2024-03-01 02:55:00,39.58
2024-03-01 02:56:00,43.71
2024-03-01 02:57:00,47.96
2024-03-01 02:58:00,45.22
2024-03-01 02:59:00,45.3
2024-03-01 03:00:00,47.41
2024-03-01 03:01:00,53.23
2024-03-01 03:02:00,50.99
2024-03-01 03:03:00,53.3
2024-03-01 03:04:00,56.88
2024-03-01 03:05:00,59.4
2024-03-01 03:06:00,60.36
2024-03-01 03:07:00,63.92
2024-03-01 03:08:00,68.05
2024-03-01 03:09:00,64.01
2024-03-01 03:10:00,66.08
2024-03-01 03:11:00,67.82
2024-03-01 03:12:00,70.05
2024-03-01 03:13:00,69.85
2024-03-01 03:14:00,67.08
2024-03-01 03:15:00,71.05
2024-03-01 03:16:00,70.38
2024-03-01 03:17:00,72.56
2024-03-01 03:18:00,71.2
2024-03-01 03:19:00,65.7
2024-03-01 03:20:00,64.75
2024-03-01 03:21:00,67.48
2024-03-01 03:22:00,69.01
2024-03-01 03:23:00,63.08
2024-03-01 03:24:00,60.16
2024-03-01 03:25:00,62.59
2024-03-01 03:26:00,59.46
2024-03-01 03:27:00,58.36
2024-03-01 03:28:00,52.83
2024-03-01 03:29:00,53.77
2024-03-01 03:30:00,47.26
2024-03-01 03:31:00,49.01
2024-03-01 03:32:00,47.12
2024-03-01 03:33:00,41.97
2024-03-01 03:34:00,43.89
2024-03-01 03:35:00,42.67
2024-03-01 03:36:00,38.3
2024-03-01 03:37:00,31.66
2024-03-01 03:38:00,33.38
2024-03-01 03:39:00,35.2
2024-03-01 03:40:00,28.6
2024-03-01 03:41:00,30.66
2024-03-01 03:42:00,30.86
2024-03-01 03:43:00,30.04
2024-03-01 03:44:00,31.15
2024-03-01 03:45:00,33.78
2024-03-01 03:46:00,26.61
2024-03-01 03:47:00,28.35
2024-03-01 03:48:00,29.81
2024-03-01 03:49:00,32.46
2024-03-01 03:50:00,39.33
2024-03-01 03:51:00,33.99
2024-03-01 03:52:00,37.02
2024-03-01 03:53:00,38.79
2024-03-01 03:54:00,36.29
2024-03-01 03:55:00,40.13
2024-03-01 03:56:00,41.08
2024-03-01 03:57:00,43.63
2024-03-01 03:58:00,48.13
2024-03-01 03:59:00,47.47
2024-03-01 04:00:00,52.08
2024-03-01 04:01:00,52.29
2024-03-01 04:02:00,54.24
2024-03-01 04:03:00,54.45
2024-03-01 04:04:00,58.03
2024-03-01 04:05:00,56.59
2024-03-01 04:06:00,62.11
2024-03-01 04:07:00,68.62
2024-03-01 04:08:00,68.79
2024-03-01 04:09:00,66.88
2024-03-01 04:10:00,66.17
2024-03-01 04:11:00,68.18
2024-03-01 04:12:00,68.88
2024-03-01 04:13:00,72.24
2024-03-01 04:14:00,69.21
2024-03-01 04:15:00,73.76
2024-03-01 04:16:00,70.27
2024-03-01 04:17:00,71.5
2024-03-01 04:18:00,67.2
2024-03-01 04:19:00,68.19
2024-03-01 04:20:00,68.02
2024-03-01 04:21:00,64.78
2024-03-01 04:22:00,65.85
2024-03-01 04:23:00,64.0
2024-03-01 04:24:00,59.96
2024-03-01 04:25:00,58.16
2024-03-01 04:26:00,63.95
2024-03-01 04:27:00,58.62
2024-03-01 04:28:00,52.42
2024-03-01 04:29:00,52.32
2024-03-01 04:30:00,49.94
2024-03-01 04:31:00,47.47
2024-03-01 04:32:00,43.13
2024-03-01 04:33:00,45.01
2024-03-01 04:34:00,45.16
2024-03-01 04:35:00,39.2
2024-03-01 04:36:00,39.0
2024-03-01 04:37:00,35.95
2024-03-01 04:38:00,34.68
2024-03-01 04:39:00,34.04
2024-03-01 04:40:00,32.41
2024-03-01 04:41:00,33.68
2024-03-01 04:42:00,29.9
2024-03-01 04:43:00,32.05
2024-03-01 04:44:00,30.53
2024-03-01 04:45:00,28.77
2024-03-01 04:46:00,31.24
2024-03-01 04:47:00,28.21
2024-03-01 04:48:00,29.64
2024-03-01 04:49:00,33.88
2024-03-01 04:50:00,33.92
2024-03-01 04:51:00,35.81
2024-03-01 04:52:00,39.09
2024-03-01 04:53:00,37.17
2024-03-01 04:54:00,37.34
2024-03-01 04:55:00,41.6
2024-03-01 04:56:00,44.62
2024-03-01 04:57:00,43.74
2024-03-01 04:58:00,42.77
2024-03-01 04:59:00,49.66
2024-03-01 05:00:00,52.37
2024-03-01 05:01:00,53.16
2024-03-01 05:02:00,50.22
2024-03-01 05:03:00,55.66
2024-03-01 05:04:00,56.16
2024-03-01 05:05:00,58.81
2024-03-01 05:06:00,58.29
2024-03-01 05:07:00,62.94
2024-03-01 05:08:00,63.4
2024-03-01 05:09:00,68.27
2024-03-01 05:10:00,65.58
2024-03-01 05:11:00,61.92
2024-03-01 05:12:00,67.25
2024-03-01 05:13:00,64.77
2024-03-01 05:14:00,67.68
2024-03-01 05:15:00,71.62
2024-03-01 05:16:00,69.84
2024-03-01 05:17:00,67.71
2024-03-01 05:18:00,68.38
2024-03-01 05:19:00,73.6
2024-03-01 05:20:00,62.33
2024-03-01 05:21:00,73.18
2024-03-01 05:22:00,65.7
2024-03-01 05:23:00,62.27
2024-03-01 05:24:00,64.46
2024-03-01 05:25:00,54.94
2024-03-01 05:26:00,57.64
2024-03-01 05:27:00,59.09
2024-03-01 05:28:00,54.26
2024-03-01 05:29:00,51.26
2024-03-01 05:30:00,50.72
2024-03-01 05:31:00,46.35
2024-03-01 05:32:00,44.52
2024-03-01 05:33:00,39.1
2024-03-01 05:34:00,44.55
2024-03-01 05:35:00,40.6
2024-03-01 05:36:00,37.98
2024-03-01 05:37:00,37.57
2024-03-01 05:38:00,33.82
2024-03-01 05:39:00,28.42
2024-03-01 05:40:00,30.84
2024-03-01 05:41:00,31.58
2024-03-01 05:42:00,29.01
2024-03-01 05:43:00,31.09
2024-03-01 05:44:00,28.1
2024-03-01 05:45:00,29.59
2024-03-01 05:46:00,34.99
2024-03-01 05:47:00,33.13
2024-03-01 05:48:00,32.22
2024-03-01 05:49:00,31.7
2024-03-01 05:50:00,32.8
2024-03-01 05:51:00,35.96
2024-03-01 05:52:00,34.98
2024-03-01 05:53:00,36.14
2024-03-01 05:54:00,39.7
2024-03-01 05:55:00,37.55
2024-03-01 05:56:00,41.38
2024-03-01 05:57:00,47.84
2024-03-01 05:58:00,44.92
2024-03-01 05:59:00,46.43
2024-03-01 06:00:00,44.68
2024-03-01 06:01:00,50.44
2024-03-01 06:02:00,57.15
2024-03-01 06:03:00,57.12
2024-03-01 06:04:00,59.93
2024-03-01 06:05:00,57.51
2024-03-01 06:06:00,63.47
2024-03-01 06:07:00,65.46
2024-03-01 06:08:00,65.33
2024-03-01 06:09:00,64.15
2024-03-01 06:10:00,65.99
2024-03-01 06:11:00,67.51
2024-03-01 06:12:00,67.62
2024-03-01 06:13:00,72.92
2024-03-01 06:14:00,67.71
2024-03-01 06:15:00,70.14
2024-03-01 06:16:00,71.28
2024-03-01 06:17:00,70.91
2024-03-01 06:18:00,67.58
2024-03-01 06:19:00,68.08
2024-03-01 06:20:00,68.02
2024-03-01 06:21:00,64.34
2024-03-01 06:22:00,64.99
2024-03-01 06:23:00,65.1
2024-03-01 06:24:00,63.71
2024-03-01 06:25:00,56.13
2024-03-01 06:26:00,58.47
2024-03-01 06:27:00,56.09
2024-03-01 06:28:00,54.22
2024-03-01 06:29:00,49.65
2024-03-01 06:30:00,51.07
2024-03-01 06:31:00,48.97
2024-03-01 06:32:00,45.44
2024-03-01 06:33:00,45.81
2024-03-01 06:34:00,37.24
2024-03-01 06:35:00,40.86
2024-03-01 06:36:00,41.18
2024-03-01 06:37:00,37.74
2024-03-01 06:38:00,36.28
2024-03-01 06:39:00,32.33
2024-03-01 06:40:00,32.69
2024-03-01 06:41:00,33.14
2024-03-01 06:42:00,30.63
2024-03-01 06:43:00,31.5
2024-03-01 06:44:00,28.67
2024-03-01 06:45:00,29.52
2024-03-01 06:46:00,31.54
2024-03-01 06:47:00,30.69
2024-03-01 06:48:00,31.87
2024-03-01 06:49:00,29.85
2024-03-01 06:50:00,36.25
2024-03-01 06:51:00,30.61
2024-03-01 06:52:00,35.24
2024-03-01 06:53:00,39.18
2024-03-01 06:54:00,40.18
2024-03-01 06:55:00,38.21
2024-03-01 06:56:00,42.61
2024-03-01 06:57:00,45.13
2024-03-01 06:58:00,47.52
2024-03-01 06:59:00,47.78
2024-03-01 07:00:00,52.4
2024-03-01 07:01:00,49.46
2024-03-01 07:02:00,54.0
2024-03-01 07:03:00,52.98
2024-03-01 07:04:00,59.1
2024-03-01 07:05:00,56.24
2024-03-01 07:06:00,62.88
2024-03-01 07:07:00,63.85
2024-03-01 07:08:00,63.48
2024-03-01 07:09:00,66.13
2024-03-01 07:10:00,65.04
2024-03-01 07:11:00,67.79
2024-03-01 07:12:00,69.61
2024-03-01 07:13:00,70.17
2024-03-01 07:14:00,73.61
2024-03-01 07:15:00,70.27
2024-03-01 07:16:00,74.34
2024-03-01 07:17:00,72.07
2024-03-01 07:18:00,72.31
2024-03-01 07:19:00,67.94
2024-03-01 07:20:00,65.79
2024-03-01 07:21:00,66.67
2024-03-01 07:22:00,63.29
2024-03-01 07:23:00,64.34
2024-03-01 07:24:00,59.2
2024-03-01 07:25:00,61.95
2024-03-01 07:26:00,59.05
2024-03-01 07:27:00,55.45
2024-03-01 07:28:00,54.22
2024-03-01 07:29:00,53.46
2024-03-01 07:30:00,53.77
2024-03-01 07:31:00,49.01
2024-03-01 07:32:00,45.1
2024-03-01 07:33:00,43.77
2024-03-01 07:34:00,39.8
2024-03-01 07:35:00,40.73
2024-03-01 07:36:00,38.84
2024-03-01 07:37:00,33.28
2024-03-01 07:38:00,37.0
2024-03-01 07:39:00,35.92
2024-03-01 07:40:00,32.35
2024-03-01 07:41:00,31.71
2024-03-01 07:42:00,32.76
2024-03-01 07:43:00,32.81
2024-03-01 07:44:00,26.65
2024-03-01 07:45:00,33.82
2024-03-01 07:46:00,27.06
2024-03-01 07:47:00,30.4
2024-03-01 07:48:00,32.51
2024-03-01 07:49:00,33.43
2024-03-01 07:50:00,32.3
2024-03-01 07:51:00,30.05
2024-03-01 07:52:00,35.76
2024-03-01 07:53:00,38.53
2024-03-01 07:54:00,36.12
2024-03-01 07:55:00,40.36
2024-03-01 07:56:00,40.21
2024-03-01 07:57:00,44.08
2024-03-01 07:58:00,47.44
2024-03-01 07:59:00,43.79
2024-03-01 08:00:00,48.34
2024-03-01 08:01:00,54.41
2024-03-01 08:02:00,52.23
2024-03-01 08:03:00,57.97
2024-03-01 08:04:00,57.34
2024-03-01 08:05:00,57.78
2024-03-01 08:06:00,60.22
2024-03-01 08:07:00,60.39
2024-03-01 08:08:00,65.58
2024-03-01 08:09:00,65.1
2024-03-01 08:10:00,67.82
2024-03-01 08:11:00,70.62
2024-03-01 08:12:00,65.4
2024-03-01 08:13:00,69.34
2024-03-01 08:14:00,65.62
2024-03-01 08:15:00,69.53
2024-03-01 08:16:00,70.3
2024-03-01 08:17:00,67.22
2024-03-01 08:18:00,70.07
2024-03-01 08:19:00,66.25
2024-03-01 08:20:00,66.16
2024-03-01 08:21:00,67.97
2024-03-01 08:22:00,62.07
2024-03-01 08:23:00,64.17
2024-03-01 08:24:00,64.82
2024-03-01 08:25:00,61.04
2024-03-01 08:26:00,60.31
2024-03-01 08:27:00,55.74
2024-03-01 08:28:00,55.38
2024-03-01 08:29:00,52.65
2024-03-01 08:30:00,51.23
2024-03-01 08:31:00,48.84
2024-03-01 08:32:00,45.87
2024-03-01 08:33:00,43.73
2024-03-01 08:34:00,45.19
2024-03-01 08:35:00,36.62
2024-03-01 08:36:00,38.73
2024-03-01 08:37:00,37.75
2024-03-01 08:38:00,36.98
2024-03-01 08:39:00,33.42
2024-03-01 08:40:00,32.78
2024-03-01 08:41:00,31.48
2024-03-01 08:42:00,31.34
2024-03-01 08:43:00,30.42
2024-03-01 08:44:00,26.53
2024-03-01 08:45:00,27.13
2024-03-01 08:46:00,30.95
2024-03-01 08:47:00,28.93
2024-03-01 08:48:00,31.85
2024-03-01 08:49:00,29.93
2024-03-01 08:50:00,30.78
2024-03-01 08:51:00,33.82
2024-03-01 08:52:00,33.52
2024-03-01 08:53:00,38.71
2024-03-01 08:54:00,38.86
2024-03-01 08:55:00,36.96
2024-03-01 08:56:00,41.9
2024-03-01 08:57:00,43.48
2024-03-01 08:58:00,44.01
2024-03-01 08:59:00,47.54
2024-03-01 09:00:00,51.16
2024-03-01 09:01:00,56.44
2024-03-01 09:02:00,54.58
2024-03-01 09:03:00,57.39
2024-03-01 09:04:00,59.4
2024-03-01 09:05:00,62.64
2024-03-01 09:06:00,59.94
2024-03-01 09:07:00,61.85
2024-03-01 09:08:00,60.8
2024-03-01 09:09:00,63.72
2024-03-01 09:10:00,70.12
2024-03-01 09:11:00,64.94
2024-03-01 09:12:00,73.04
2024-03-01 09:13:00,70.99
2024-03-01 09:14:00,72.72
2024-03-01 09:15:00,70.57
2024-03-01 09:16:00,72.03
2024-03-01 09:17:00,68.57
2024-03-01 09:18:00,67.45
2024-03-01 09:19:00,69.14
2024-03-01 09:20:00,71.26
2024-03-01 09:21:00,63.89
2024-03-01 09:22:00,62.54
2024-03-01 09:23:00,61.23
2024-03-01 09:24:00,61.18
2024-03-01 09:25:00,60.92
2024-03-01 09:26:00,61.04
2024-03-01 09:27:00,55.8
2024-03-01 09:28:00,53.32
2024-03-01 09:29:00,57.52
2024-03-01 09:30:00,48.61
2024-03-01 09:31:00,46.78
2024-03-01 09:32:00,46.48
2024-03-01 09:33:00,43.33
2024-03-01 09:34:00,42.26
2024-03-01 09:35:00,38.89
2024-03-01 09:36:00,39.45
2024-03-01 09:37:00,37.59
2024-03-01 09:38:00,34.54
2024-03-01 09:39:00,31.15
2024-03-01 09:40:00,31.64
2024-03-01 09:41:00,32.29
2024-03-01 09:42:00,34.01
2024-03-01 09:43:00,28.87
2024-03-01 09:44:00,28.68
2024-03-01 09:45:00,26.63
2024-03-01 09:46:00,30.26
2024-03-01 09:47:00,29.47
2024-03-01 09:48:00,31.54
2024-03-01 09:49:00,27.95
2024-03-01 09:50:00,32.63
2024-03-01 09:51:00,31.53
2024-03-01 09:52:00,34.78
2024-03-01 09:53:00,35.77
2024-03-01 09:54:00,38.38
2024-03-01 09:55:00,38.45
2024-03-01 09:56:00,42.49
2024-03-01 09:57:00,41.05
2024-03-01 09:58:00,43.37
2024-03-01 09:59:00,47.77
2024-03-01 10:00:00,50.52
2024-03-01 10:01:00,52.35
2024-03-01 10:02:00,57.6
2024-03-01 10:03:00,56.5
2024-03-01 10:04:00,58.79
2024-03-01 10:05:00,60.78
2024-03-01 10:06:00,57.62
2024-03-01 10:07:00,67.03
2024-03-01 10:08:00,66.17
2024-03-01 10:09:00,65.04
2024-03-01 10:10:00,67.68
2024-03-01 10:11:00,67.51
2024-03-01 10:12:00,66.97
2024-03-01 10:13:00,71.21
2024-03-01 10:14:00,70.52
2024-03-01 10:15:00,69.95
2024-03-01 10:16:00,66.06
2024-03-01 10:17:00,71.91
2024-03-01 10:18:00,71.68
2024-03-01 10:19:00,68.74
2024-03-01 10:20:00,65.25
2024-03-01 10:21:00,67.7
2024-03-01 10:22:00,64.27
2024-03-01 10:23:00,61.43
2024-03-01 10:24:00,65.64
2024-03-01 10:25:00,56.87
2024-03-01 10:26:00,58.8
2024-03-01 10:27:00,56.12
2024-03-01 10:28:00,56.29
2024-03-01 10:29:00,48.58
2024-03-01 10:30:00,52.91
2024-03-01 10:31:00,51.68
2024-03-01 10:32:00,46.79
2024-03-01 10:33:00,44.8
2024-03-01 10:34:00,45.49
2024-03-01 10:35:00,38.96
2024-03-01 10:36:00,36.78
2024-03-01 10:37:00,35.86
2024-03-01 10:38:00,35.1
2024-03-01 10:39:00,35.85
2024-03-01 10:40:00,35.52
2024-03-01 10:41:00,31.89
2024-03-01 10:42:00,34.25
2024-03-01 10:43:00,31.53
2024-03-01 10:44:00,30.37
2024-03-01 10:45:00,30.12
2024-03-01 10:46:00,29.37
2024-03-01 10:47:00,33.8
2024-03-01 10:48:00,32.16
2024-03-01 10:49:00,29.66
2024-03-01 10:50:00,33.59
2024-03-01 10:51:00,33.45
2024-03-01 10:52:00,33.51
2024-03-01 10:53:00,39.47
2024-03-01 10:54:00,37.75
2024-03-01 10:55:00,41.0
2024-03-01 10:56:00,41.23
2024-03-01 10:57:00,43.48
2024-03-01 10:58:00,44.77
2024-03-01 10:59:00,49.01
2024-03-01 11:00:00,48.87
2024-03-01 11:01:00,54.1
2024-03-01 11:02:00,53.34
2024-03-01 11:03:00,55.99
2024-03-01 11:04:00,57.35
2024-03-01 11:05:00,61.8
2024-03-01 11:06:00,59.88
2024-03-01 11:07:00,64.69
2024-03-01 11:08:00,64.16
2024-03-01 11:09:00,66.53
2024-03-01 11:10:00,67.87
2024-03-01 11:11:00,71.09
2024-03-01 11:12:00,70.16
2024-03-01 11:13:00,67.46
2024-03-01 11:14:00,70.35
2024-03-01 11:15:00,70.61
2024-03-01 11:16:00,70.99
2024-03-01 11:17:00,71.2
2024-03-01 11:18:00,66.31
2024-03-01 11:19:00,67.09
2024-03-01 11:20:00,64.77
2024-03-01 11:21:00,65.79
2024-03-01 11:22:00,63.09
2024-03-01 11:23:00,65.75
2024-03-01 11:24:00,61.46
2024-03-01 11:25:00,57.99
2024-03-01 11:26:00,59.44
2024-03-01 11:27:00,53.15
2024-03-01 11:28:00,56.01
2024-03-01 11:29:00,50.83
2024-03-01 11:30:00,48.05
2024-03-01 11:31:00,50.77
2024-03-01 11:32:00,47.76
2024-03-01 11:33:00,44.28
2024-03-01 11:34:00,43.68
2024-03-01 11:35:00,39.74
2024-03-01 11:36:00,36.73
2024-03-01 11:37:00,36.5
2024-03-01 11:38:00,36.0
2024-03-01 11:39:00,34.27
2024-03-01 11:40:00,30.13
2024-03-01 11:41:00,32.83
2024-03-01 11:42:00,28.66
2024-03-01 11:43:00,29.75
2024-03-01 11:44:00,30.55
2024-03-01 11:45:00,30.37
2024-03-01 11:46:00,27.09
2024-03-01 11:47:00,34.14
2024-03-01 11:48:00,31.66
2024-03-01 11:49:00,33.16
2024-03-01 11:50:00,28.27
2024-03-01 11:51:00,34.29
2024-03-01 11:52:00,35.23
2024-03-01 11:53:00,36.58
2024-03-01 11:54:00,37.37
2024-03-01 11:55:00,38.82
2024-03-01 11:56:00,40.0
2024-03-01 11:57:00,41.1
2024-03-01 11:58:00,48.14
2024-03-01 11:59:00,45.93
2024-03-01 12:00:00,52.01
2024-03-01 12:01:00,49.22
2024-03-01 12:02:00,54.48
2024-03-01 12:03:00,56.69
2024-03-01 12:04:00,57.96
2024-03-01 12:05:00,57.56
2024-03-01 12:06:00,62.96
2024-03-01 12:07:00,63.37
2024-03-01 12:08:00,63.63
2024-03-01 12:09:00,67.27
2024-03-01 12:10:00,68.98
2024-03-01 12:11:00,66.68
2024-03-01 12:12:00,71.71
2024-03-01 12:13:00,67.94
2024-03-01 12:14:00,72.6
2024-03-01 12:15:00,69.98
2024-03-01 12:16:00,71.11
2024-03-01 12:17:00,69.38
2024-03-01 12:18:00,66.57
2024-03-01 12:19:00,69.21
2024-03-01 12:20:00,69.89
2024-03-01 12:21:00,65.83
2024-03-01 12:22:00,66.73
2024-03-01 12:23:00,61.27
2024-03-01 12:24:00,59.77
2024-03-01 12:25:00,59.84
2024-03-01 12:26:00,57.0
2024-03-01 12:27:00,57.41
2024-03-01 12:28:00,55.39
2024-03-01 12:29:00,57.07
2024-03-01 12:30:00,46.1
2024-03-01 12:31:00,47.0
2024-03-01 12:32:00,49.42
2024-03-01 12:33:00,40.66
2024-03-01 12:34:00,42.0
2024-03-01 12:35:00,41.81
2024-03-01 12:36:00,37.06
2024-03-01 12:37:00,35.31
2024-03-01 12:38:00,37.23
2024-03-01 12:39:00,36.47
2024-03-01 12:40:00,30.32
2024-03-01 12:41:00,30.96
2024-03-01 12:42:00,30.74
2024-03-01 12:43:00,29.48
2024-03-01 12:44:00,32.13
2024-03-01 12:45:00,28.92
2024-03-01 12:46:00,29.14
2024-03-01 12:47:00,27.91
2024-03-01 12:48:00,28.5
2024-03-01 12:49:00,29.8
2024-03-01 12:50:00,34.67
2024-03-01 12:51:00,35.06
2024-03-01 12:52:00,35.63
2024-03-01 12:53:00,38.54
2024-03-01 12:54:00,36.38
2024-03-01 12:55:00,39.86
2024-03-01 12:56:00,39.17
2024-03-01 12:57:00,45.61
2024-03-01 12:58:00,50.67
2024-03-01 12:59:00,49.26
2024-03-01 13:00:00,49.05
2024-03-01 13:01:00,51.36
2024-03-01 13:02:00,53.39
2024-03-01 13:03:00,55.89
2024-03-01 13:04:00,55.08
2024-03-01 13:05:00,59.97
2024-03-01 13:06:00,60.23
2024-03-01 13:07:00,64.22
2024-03-01 13:08:00,62.7
2024-03-01 13:09:00,62.03
2024-03-01 13:10:00,68.7
2024-03-01 13:11:00,66.86
2024-03-01 13:12:00,69.67
2024-03-01 13:13:00,68.81
2024-03-01 13:14:00,75.22
2024-03-01 13:15:00,72.06
2024-03-01 13:16:00,70.11
2024-03-01 13:17:00,66.81
2024-03-01 13:18:00,67.42
2024-03-01 13:19:00,67.65
2024-03-01 13:20:00,70.47
2024-03-01 13:21:00,63.86
2024-03-01 13:22:00,63.46
2024-03-01 13:23:00,63.54
2024-03-01 13:24:00,60.32
2024-03-01 13:25:00,57.12
2024-03-01 13:26:00,61.67
2024-03-01 13:27:00,56.08
2024-03-01 13:28:00,59.25
2024-03-01 13:29:00,55.38
2024-03-01 13:30:00,51.61
2024-03-01 13:31:00,45.82
2024-03-01 13:32:00,44.26
2024-03-01 13:33:00,46.66
2024-03-01 13:34:00,41.13
2024-03-01 13:35:00,39.49
2024-03-01 13:36:00,37.87
2024-03-01 13:37:00,36.46
2024-03-01 13:38:00,36.03
2024-03-01 13:39:00,30.2
2024-03-01 13:40:00,32.57
2024-03-01 13:41:00,30.86
2024-03-01 13:42:00,29.28
2024-03-01 13:43:00,29.39
2024-03-01 13:44:00,33.03
2024-03-01 13:45:00,33.05
2024-03-01 13:46:00,34.34
2024-03-01 13:47:00,28.83
2024-03-01 13:48:00,27.06
2024-03-01 13:49:00,30.95
2024-03-01 13:50:00,33.22
2024-03-01 13:51:00,35.4
2024-03-01 13:52:00,37.38
2024-03-01 13:53:00,35.17
2024-03-01 13:54:00,38.4
2024-03-01 13:55:00,41.04
2024-03-01 13:56:00,42.18
2024-03-01 13:57:00,46.14
2024-03-01 13:58:00,44.77
2024-03-01 13:59:00,50.98
2024-03-01 14:00:00,49.89
2024-03-01 14:01:00,52.89
2024-03-01 14:02:00,56.53
2024-03-01 14:03:00,54.42
2024-03-01 14:04:00,59.39
2024-03-01 14:05:00,59.79
2024-03-01 14:06:00,62.01
2024-03-01 14:07:00,63.11
2024-03-01 14:08:00,62.64
2024-03-01 14:09:00,65.64
2024-03-01 14:10:00,69.9
2024-03-01 14:11:00,70.89
2024-03-01 14:12:00,68.46
2024-03-01 14:13:00,73.8
2024-03-01 14:14:00,68.67
2024-03-01 14:15:00,66.28
2024-03-01 14:16:00,72.26
2024-03-01 14:17:00,66.93
2024-03-01 14:18:00,69.01
2024-03-01 14:19:00,68.09
2024-03-01 14:20:00,68.17
2024-03-01 14:21:00,67.25
2024-03-01 14:22:00,64.72
2024-03-01 14:23:00,63.31
2024-03-01 14:24:00,63.36
2024-03-01 14:25:00,61.65
2024-03-01 14:26:00,59.83
2024-03-01 14:27:00,56.63
2024-03-01 14:28:00,54.39
2024-03-01 14:29:00,53.31
2024-03-01 14:30:00,48.32
2024-03-01 14:31:00,51.68
2024-03-01 14:32:00,46.18
2024-03-01 14:33:00,46.69
2024-03-01 14:34:00,41.56
2024-03-01 14:35:00,37.02
2024-03-01 14:36:00,38.94
2024-03-01 14:37:00,38.34
2024-03-01 14:38:00,34.79
2024-03-01 14:39:00,36.28
2024-03-01 14:40:00,34.06
2024-03-01 14:41:00,31.46
2024-03-01 14:42:00,30.28
2024-03-01 14:43:00,30.2
2024-03-01 14:44:00,26.59
2024-03-01 14:45:00,33.5
2024-03-01 14:46:00,30.86
2024-03-01 14:47:00,29.95
2024-03-01 14:48:00,32.88
2024-03-01 14:49:00,29.19
2024-03-01 14:50:00,34.61
2024-03-01 14:51:00,32.72
2024-03-01 14:52:00,31.37
2024-03-01 14:53:00,38.61
2024-03-01 14:54:00,34.95
2024-03-01 14:55:00,39.24
2024-03-01 14:56:00,42.2
2024-03-01 14:57:00,44.5
2024-03-01 14:58:00,44.18
2024-03-01 14:59:00,48.56
2024-03-01 15:00:00,48.17
2024-03-01 15:01:00,51.95
2024-03-01 15:02:00,56.28
2024-03-01 15:03:00,53.7
2024-03-01 15:04:00,57.36
2024-03-01 15:05:00,60.69
2024-03-01 15:06:00,61.13
2024-03-01 15:07:00,60.97
2024-03-01 15:08:00,65.17
2024-03-01 15:09:00,66.61
2024-03-01 15:10:00,65.53
2024-03-01 15:11:00,66.66
2024-03-01 15:12:00,67.18
2024-03-01 15:13:00,68.62
2024-03-01 15:14:00,67.94
2024-03-01 15:15:00,70.39
2024-03-01 15:16:00,72.0
2024-03-01 15:17:00,70.86
2024-03-01 15:18:00,71.18
2024-03-01 15:19:00,70.34
2024-03-01 15:20:00,67.32
2024-03-01 15:21:00,64.97
2024-03-01 15:22:00,65.31
2024-03-01 15:23:00,64.8
2024-03-01 15:24:00,60.09
2024-03-01 15:25:00,58.81
2024-03-01 15:26:00,60.05
2024-03-01 15:27:00,54.54
2024-03-01 15:28:00,52.77
2024-03-01 15:29:00,51.87
2024-03-01 15:30:00,53.83
2024-03-01 15:31:00,50.37
2024-03-01 15:32:00,46.7
2024-03-01 15:33:00,44.44
2024-03-01 15:34:00,42.75
2024-03-01 15:35:00,42.47
2024-03-01 15:36:00,36.88
2024-03-01 15:37:00,34.99
2024-03-01 15:38:00,32.88
2024-03-01 15:39:00,35.58
2024-03-01 15:40:00,32.41
2024-03-01 15:41:00,35.31
2024-03-01 15:42:00,29.25
2024-03-01 15:43:00,28.34
2024-03-01 15:44:00,31.92
2024-03-01 15:45:00,30.33
2024-03-01 15:46:00,30.27
2024-03-01 15:47:00,29.09
2024-03-01 15:48:00,27.64
2024-03-01 15:49:00,27.45
2024-03-01 15:50:00,30.43
2024-03-01 15:51:00,34.7
2024-03-01 15:52:00,35.19
2024-03-01 15:53:00,36.85
2024-03-01 15:54:00,38.43
2024-03-01 15:55:00,42.25
2024-03-01 15:56:00,38.85
2024-03-01 15:57:00,41.5
2024-03-01 15:58:00,45.4
2024-03-01 15:59:00,49.64
2024-03-01 16:00:00,49.46
2024-03-01 16:01:00,49.19
2024-03-01 16:02:00,53.25
2024-03-01 16:03:00,52.18
2024-03-01 16:04:00,59.01
2024-03-01 16:05:00,60.55
2024-03-01 16:06:00,59.0
2024-03-01 16:07:00,63.45
2024-03-01 16:08:00,64.04
2024-03-01 16:09:00,64.99
2024-03-01 16:10:00,70.28
2024-03-01 16:11:00,71.68
2024-03-01 16:12:00,69.04
2024-03-01 16:13:00,69.94
2024-03-01 16:14:00,69.39
2024-03-01 16:15:00,72.36
2024-03-01 16:16:00,67.7
2024-03-01 16:17:00,67.13
2024-03-01 16:18:00,70.47
2024-03-01 16:19:00,70.16
2024-03-01 16:20:00,65.95
2024-03-01 16:21:00,69.09
2024-03-01 16:22:00,62.54
2024-03-01 16:23:00,66.2
2024-03-01 16:24:00,64.08
2024-03-01 16:25:00,66.04
2024-03-01 16:26:00,56.05
2024-03-01 16:27:00,55.9
2024-03-01 16:28:00,53.86
2024-03-01 16:29:00,50.16
2024-03-01 16:30:00,52.1
2024-03-01 16:31:00,48.39
2024-03-01 16:32:00,45.15
2024-03-01 16:33:00,46.68
2024-03-01 16:34:00,38.15
2024-03-01 16:35:00,39.37
2024-03-01 16:36:00,37.08
2024-03-01 16:37:00,36.7
2024-03-01 16:38:00,36.69
2024-03-01 16:39:00,35.92
2024-03-01 16:40:00,32.55
2024-03-01 16:41:00,33.1
2024-03-01 16:42:00,32.0
2024-03-01 16:43:00,30.05
2024-03-01 16:44:00,32.25
2024-03-01 16:45:00,28.75
2024-03-01 16:46:00,33.64
2024-03-01 16:47:00,28.96
2024-03-01 16:48:00,30.3
2024-03-01 16:49:00,33.88
2024-03-01 16:50:00,34.32
2024-03-01 16:51:00,34.8
2024-03-01 16:52:00,35.96
2024-03-01 16:53:00,36.21
2024-03-01 16:54:00,38.26
2024-03-01 16:55:00,40.59
2024-03-01 16:56:00,43.81
2024-03-01 16:57:00,41.49
2024-03-01 16:58:00,43.95
2024-03-01 16:59:00,46.72
2024-03-01 17:00:00,49.83
2024-03-01 17:01:00,54.74
2024-03-01 17:02:00,53.12
2024-03-01 17:03:00,52.79
2024-03-01 17:04:00,59.6
2024-03-01 17:05:00,62.39
2024-03-01 17:06:00,60.61
2024-03-01 17:07:00,61.0
2024-03-01 17:08:00,64.53
2024-03-01 17:09:00,63.79
2024-03-01 17:10:00,70.1
2024-03-01 17:11:00,67.46
2024-03-01 17:12:00,68.8
2024-03-01 17:13:00,69.33
2024-03-01 17:14:00,71.57
2024-03-01 17:15:00,72.13
2024-03-01 17:16:00,70.01
2024-03-01 17:17:00,68.45
2024-03-01 17:18:00,68.27
2024-03-01 17:19:00,67.39
2024-03-01 17:20:00,67.63
2024-03-01 17:21:00,62.48
2024-03-01 17:22:00,64.32
2024-03-01 17:23:00,62.87
2024-03-01 17:24:00,61.46
2024-03-01 17:25:00,61.56
2024-03-01 17:26:00,54.72
2024-03-01 17:27:00,56.88
2024-03-01 17:28:00,48.68
2024-03-01 17:29:00,49.16
2024-03-01 17:30:00,49.71
2024-03-01 17:31:00,46.84
2024-03-01 17:32:00,46.53
2024-03-01 17:33:00,43.73
2024-03-01 17:34:00,40.45
2024-03-01 17:35:00,42.47
2024-03-01 17:36:00,37.92
2024-03-01 17:37:00,36.89
2024-03-01 17:38:00,34.71
2024-03-01 17:39:00,35.24
2024-03-01 17:40:00,33.12
2024-03-01 17:41:00,29.09
2024-03-01 17:42:00,33.49
2024-03-01 17:43:00,33.63
2024-03-01 17:44:00,30.51
2024-03-01 17:45:00,31.71
2024-03-01 17:46:00,32.51
2024-03-01 17:47:00,28.03
2024-03-01 17:48:00,28.85
2024-03-01 17:49:00,32.88
2024-03-01 17:50:00,35.8
2024-03-01 17:51:00,33.41
2024-03-01 17:52:00,34.51
2024-03-01 17:53:00,33.76
2024-03-01 17:54:00,42.77
2024-03-01 17:55:00,39.66
2024-03-01 17:56:00,41.22
2024-03-01 17:57:00,45.89
2024-03-01 17:58:00,44.87
2024-03-01 17:59:00,46.8
2024-03-01 18:00:00,47.4
2024-03-01 18:01:00,48.64
2024-03-01 18:02:00,53.49
2024-03-01 18:03:00,57.98
2024-03-01 18:04:00,56.26
2024-03-01 18:05:00,60.61
2024-03-01 18:06:00,61.35
2024-03-01 18:07:00,62.87
2024-03-01 18:08:00,65.14
2024-03-01 18:09:00,64.56
2024-03-01 18:10:00,65.81
2024-03-01 18:11:00,66.81
2024-03-01 18:12:00,67.04
2024-03-01 18:13:00,67.89
2024-03-01 18:14:00,68.72
2024-03-01 18:15:00,69.87
2024-03-01 18:16:00,70.84
2024-03-01 18:17:00,69.61
2024-03-01 18:18:00,67.87
2024-03-01 18:19:00,69.29
2024-03-01 18:20:00,65.07
2024-03-01 18:21:00,66.4
2024-03-01 18:22:00,63.8
2024-03-01 18:23:00,63.28
2024-03-01 18:24:00,56.85
2024-03-01 18:25:00,60.08
2024-03-01 18:26:00,58.3
2024-03-01 18:27:00,56.49
2024-03-01 18:28:00,52.49
2024-03-01 18:29:00,54.75
2024-03-01 18:30:00,50.62
2024-03-01 18:31:00,47.17
2024-03-01 18:32:00,47.53
2024-03-01 18:33:00,44.16
2024-03-01 18:34:00,38.62
2024-03-01 18:35:00,36.88
2024-03-01 18:36:00,36.56
2024-03-01 18:37:00,39.66
2024-03-01 18:38:00,37.13
2024-03-01 18:39:00,35.88
2024-03-01 18:40:00,32.68
2024-03-01 18:41:00,35.11
2024-03-01 18:42:00,32.82
2024-03-01 18:43:00,29.3
2024-03-01 18:44:00,29.39
2024-03-01 18:45:00,28.27
2024-03-01 18:46:00,31.31
2024-03-01 18:47:00,28.77
2024-03-01 18:48:00,25.91
2024-03-01 18:49:00,28.77
2024-03-01 18:50:00,30.63
2024-03-01 18:51:00,33.04
2024-03-01 18:52:00,39.16
2024-03-01 18:53:00,39.39
2024-03-01 18:54:00,35.18
2024-03-01 18:55:00,39.52
2024-03-01 18:56:00,41.03
2024-03-01 18:57:00,42.6
2024-03-01 18:58:00,45.25
2024-03-01 18:59:00,47.23
2024-03-01 19:00:00,53.59
2024-03-01 19:01:00,53.44
2024-03-01 19:02:00,52.79
2024-03-01 19:03:00,55.18
2024-03-01 19:04:00,55.62
2024-03-01 19:05:00,59.57
2024-03-01 19:06:00,61.74
2024-03-01 19:07:00,63.35
2024-03-01 19:08:00,65.41
2024-03-01 19:09:00,66.88
2024-03-01 19:10:00,67.36
2024-03-01 19:11:00,66.08
2024-03-01 19:12:00,69.64
2024-03-01 19:13:00,71.4
2024-03-01 19:14:00,68.81
2024-03-01 19:15:00,68.05
2024-03-01 19:16:00,65.37
2024-03-01 19:17:00,68.22
2024-03-01 19:18:00,68.26
2024-03-01 19:19:00,68.82
2024-03-01 19:20:00,69.83
2024-03-01 19:21:00,68.18
2024-03-01 19:22:00,64.48
2024-03-01 19:23:00,64.3
2024-03-01 19:24:00,62.49
2024-03-01 19:25:00,55.87
2024-03-01 19:26:00,60.35
2024-03-01 19:27:00,57.84
2024-03-01 19:28:00,54.07
2024-03-01 19:29:00,50.59
2024-03-01 19:30:00,51.57
2024-03-01 19:31:00,45.31
2024-03-01 19:32:00,44.71
2024-03-01 19:33:00,44.23
2024-03-01 19:34:00,41.68
2024-03-01 19:35:00,43.76
2024-03-01 19:36:00,39.79
2024-03-01 19:37:00,39.33
2024-03-01 19:38:00,32.82
2024-03-01 19:39:00,32.71
2024-03-01 19:40:00,33.7
2024-03-01 19:41:00,31.83
2024-03-01 19:42:00,29.94
2024-03-01 19:43:00,33.06
2024-03-01 19:44:00,28.98
2024-03-01 19:45:00,31.04
2024-03-01 19:46:00,28.45
2024-03-01 19:47:00,31.92
2024-03-01 19:48:00,28.86
2024-03-01 19:49:00,30.29
2024-03-01 19:50:00,31.26
2024-03-01 19:51:00,35.37
2024-03-01 19:52:00,36.06
2024-03-01 19:53:00,34.12
2024-03-01 19:54:00,40.91
2024-03-01 19:55:00,39.5
2024-03-01 19:56:00,41.37
2024-03-01 19:57:00,46.17
2024-03-01 19:58:00,41.98
2024-03-01 19:59:00,48.57
2024-03-01 20:00:00,49.68
2024-03-01 20:01:00,47.98
2024-03-01 20:02:00,53.85
2024-03-01 20:03:00,54.68
2024-03-01 20:04:00,57.96
2024-03-01 20:05:00,61.18
2024-03-01 20:06:00,64.87
2024-03-01 20:07:00,60.43
2024-03-01 20:08:00,64.67
2024-03-01 20:09:00,66.57
2024-03-01 20:10:00,63.84
2024-03-01 20:11:00,68.84
2024-03-01 20:12:00,68.15
2024-03-01 20:13:00,66.69
2024-03-01 20:14:00,70.81
2024-03-01 20:15:00,70.12
2024-03-01 20:16:00,69.41
2024-03-01 20:17:00,65.9
2024-03-01 20:18:00,70.54
2024-03-01 20:19:00,71.62
2024-03-01 20:20:00,69.91
2024-03-01 20:21:00,65.36
2024-03-01 20:22:00,64.37
2024-03-01 20:23:00,63.22
2024-03-01 20:24:00,59.83
2024-03-01 20:25:00,61.15
2024-03-01 20:26:00,60.2
2024-03-01 20:27:00,55.56
2024-03-01 20:28:00,56.74
2024-03-01 20:29:00,52.28
2024-03-01 20:30:00,55.66
2024-03-01 20:31:00,50.49
2024-03-01 20:32:00,44.13
2024-03-01 20:33:00,41.13
2024-03-01 20:34:00,40.21
2024-03-01 20:35:00,35.54
2024-03-01 20:36:00,36.91
2024-03-01 20:37:00,37.53
2024-03-01 20:38:00,35.52
2024-03-01 20:39:00,34.02
2024-03-01 20:40:00,29.41
2024-03-01 20:41:00,32.2
2024-03-01 20:42:00,30.97
2024-03-01 20:43:00,30.29
2024-03-01 20:44:00,27.3
2024-03-01 20:45:00,27.47
2024-03-01 20:46:00,32.41
2024-03-01 20:47:00,27.89
2024-03-01 20:48:00,28.25
2024-03-01 20:49:00,33.25
2024-03-01 20:50:00,32.46
2024-03-01 20:51:00,33.12
2024-03-01 20:52:00,36.93
2024-03-01 20:53:00,37.06
2024-03-01 20:54:00,37.03
2024-03-01 20:55:00,38.46
2024-03-01 20:56:00,39.79
2024-03-01 20:57:00,41.14
2024-03-01 20:58:00,46.06
2024-03-01 20:59:00,46.29
2024-03-01 21:00:00,52.5
2024-03-01 21:01:00,51.64
2024-03-01 21:02:00,52.19
2024-03-01 21:03:00,54.14
2024-03-01 21:04:00,57.6
2024-03-01 21:05:00,58.97
2024-03-01 21:06:00,60.79
2024-03-01 21:07:00,61.49
2024-03-01 21:08:00,67.97
2024-03-01 21:09:00,65.56
2024-03-01 21:10:00,73.38
2024-03-01 21:11:00,67.27
2024-03-01 21:12:00,70.36
2024-03-01 21:13:00,67.27
2024-03-01 21:14:00,68.07
2024-03-01 21:15:00,68.67
2024-03-01 21:16:00,68.47
2024-03-01 21:17:00,71.08
2024-03-01 21:18:00,71.49
2024-03-01 21:19:00,66.78
2024-03-01 21:20:00,67.59
2024-03-01 21:21:00,66.66
2024-03-01 21:22:00,62.86
2024-03-01 21:23:00,64.19
2024-03-01 21:24:00,63.07
2024-03-01 21:25:00,60.58
2024-03-01 21:26:00,57.18
2024-03-01 21:27:00,57.88
2024-03-01 21:28:00,53.33
2024-03-01 21:29:00,51.27
2024-03-01 21:30:00,51.02
2024-03-01 21:31:00,45.8
2024-03-01 21:32:00,46.67
2024-03-01 21:33:00,44.21
2024-03-01 21:34:00,42.34
2024-03-01 21:35:00,39.82
2024-03-01 21:36:00,37.5
2024-03-01 21:37:00,35.61
2024-03-01 21:38:00,31.78
2024-03-01 21:39:00,28.94
2024-03-01 21:40:00,34.55
2024-03-01 21:41:00,30.67
2024-03-01 21:42:00,29.48
2024-03-01 21:43:00,31.13
2024-03-01 21:44:00,25.42
2024-03-01 21:45:00,31.84
2024-03-01 21:46:00,32.33
2024-03-01 21:47:00,30.98
2024-03-01 21:48:00,31.73
2024-03-01 21:49:00,31.15
2024-03-01 21:50:00,35.41
2024-03-01 21:51:00,36.28
2024-03-01 21:52:00,34.4
2024-03-01 21:53:00,40.12
2024-03-01 21:54:00,38.08
2024-03-01 21:55:00,40.49
2024-03-01 21:56:00,42.63
2024-03-01 21:57:00,42.19
2024-03-01 21:58:00,45.16
2024-03-01 21:59:00,48.08
2024-03-01 22:00:00,47.81
2024-03-01 22:01:00,49.04
2024-03-01 22:02:00,55.04
2024-03-01 22:03:00,60.75
2024-03-01 22:04:00,56.45
2024-03-01 22:05:00,58.12
2024-03-01 22:06:00,62.87
2024-03-01 22:07:00,67.31
2024-03-01 22:08:00,64.34
2024-03-01 22:09:00,66.45
2024-03-01 22:10:00,69.03
2024-03-01 22:11:00,67.41
2024-03-01 22:12:00,68.83
2024-03-01 22:13:00,70.23
2024-03-01 22:14:00,70.47
2024-03-01 22:15:00,70.12
2024-03-01 22:16:00,72.74
2024-03-01 22:17:00,66.72
2024-03-01 22:18:00,68.21
2024-03-01 22:19:00,68.43
2024-03-01 22:20:00,70.43
2024-03-01 22:21:00,69.91
2024-03-01 22:22:00,61.56
2024-03-01 22:23:00,62.06
2024-03-01 22:24:00,62.41
2024-03-01 22:25:00,60.34
2024-03-01 22:26:00,58.3
2024-03-01 22:27:00,55.2
2024-03-01 22:28:00,56.16
2024-03-01 22:29:00,47.87
2024-03-01 22:30:00,49.1
2024-03-01 22:31:00,48.31
2024-03-01 22:32:00,45.4
2024-03-01 22:33:00,41.69
2024-03-01 22:34:00,37.68
2024-03-01 22:35:00,39.96
2024-03-01 22:36:00,37.19
2024-03-01 22:37:00,36.35
2024-03-01 22:38:00,32.43
2024-03-01 22:39:00,36.62
2024-03-01 22:40:00,31.86
2024-03-01 22:41:00,31.67
2024-03-01 22:42:00,30.44
2024-03-01 22:43:00,30.42
2024-03-01 22:44:00,31.21
2024-03-01 22:45:00,28.96
2024-03-01 22:46:00,29.27
2024-03-01 22:47:00,24.02
2024-03-01 22:48:00,32.93
2024-03-01 22:49:00,30.24
2024-03-01 22:50:00,31.29
2024-03-01 22:51:00,36.59
2024-03-01 22:52:00,30.95
2024-03-01 22:53:00,35.35
2024-03-01 22:54:00,38.4
2024-03-01 22:55:00,43.07
2024-03-01 22:56:00,43.04
2024-03-01 22:57:00,45.49
2024-03-01 22:58:00,46.17
2024-03-01 22:59:00,46.03
2024-03-01 23:00:00,49.61
2024-03-01 23:01:00,53.92
2024-03-01 23:02:00,53.98
2024-03-01 23:03:00,56.36
2024-03-01 23:04:00,60.18
2024-03-01 23:05:00,62.57
2024-03-01 23:06:00,60.73
2024-03-01 23:07:00,60.66
2024-03-01 23:08:00,65.51
2024-03-01 23:09:00,66.93
2024-03-01 23:10:00,65.03
2024-03-01 23:11:00,68.42
2024-03-01 23:12:00,72.68
2024-03-01 23:13:00,73.26
2024-03-01 23:14:00,71.56
2024-03-01 23:15:00,66.3
2024-03-01 23:16:00,71.26
2024-03-01 23:17:00,72.14
2024-03-01 23:18:00,69.71
2024-03-01 23:19:00,66.64
2024-03-01 23:20:00,68.21
2024-03-01 23:21:00,66.1
2024-03-01 23:22:00,65.16
2024-03-01 23:23:00,62.31
2024-03-01 23:24:00,61.75
2024-03-01 23:25:00,61.3
2024-03-01 23:26:00,60.36
2024-03-01 23:27:00,58.16
2024-03-01 23:28:00,54.32
2024-03-01 23:29:00,55.67
2024-03-01 23:30:00,50.61
2024-03-01 23:31:00,42.92
2024-03-01 23:32:00,46.78
2024-03-01 23:33:00,37.82
2024-03-01 23:34:00,41.39
2024-03-01 23:35:00,39.82
2024-03-01 23:36:00,37.26
2024-03-01 23:37:00,38.36
2024-03-01 23:38:00,37.18
2024-03-01 23:39:00,33.38
2024-03-01 23:40:00,32.23
2024-03-01 23:41:00,35.29
2024-03-01 23:42:00,31.52
2024-03-01 23:43:00,30.14
2024-03-01 23:44:00,33.29
2024-03-01 23:45:00,29.62
2024-03-01 23:46:00,33.0
2024-03-01 23:47:00,30.36
2024-03-01 23:48:00,33.99
2024-03-01 23:49:00,31.88
2024-03-01 23:50:00,33.55
2024-03-01 23:51:00,39.73
2024-03-01 23:52:00,38.75
2024-03-01 23:53:00,34.97
2024-03-01 23:54:00,37.85
2024-03-01 23:55:00,38.52
2024-03-01 23:56:00,45.2
2024-03-01 23:57:00,42.17
2024-03-01 23:58:00,45.03
2024-03-01 23:59:00,47.0
2024-03-02 00:00:00,50.81
2024-03-02 00:01:00,54.55
2024-03-02 00:02:00,52.45
2024-03-02 00:03:00,55.05
2024-03-02 00:04:00,59.31
2024-03-02 00:05:00,57.22
2024-03-02 00:06:00,61.73
2024-03-02 00:07:00,63.88
2024-03-02 00:08:00,63.46
2024-03-02 00:09:00,65.07
2024-03-02 00:10:00,68.45
2024-03-02 00:11:00,67.34
2024-03-02 00:12:00,67.75
2024-03-02 00:13:00,69.16
2024-03-02 00:14:00,72.7
2024-03-02 00:15:00,69.4
2024-03-02 00:16:00,69.97
2024-03-02 00:17:00,65.35
2024-03-02 00:18:00,66.61
2024-03-02 00:19:00,68.99
2024-03-02 00:20:00,64.68
2024-03-02 00:21:00,67.05
2024-03-02 00:22:00,62.98
2024-03-02 00:23:00,66.58
2024-03-02 00:24:00,59.48
2024-03-02 00:25:00,62.57
2024-03-02 00:26:00,60.03
2024-03-02 00:27:00,56.38
2024-03-02 00:28:00,49.89
2024-03-02 00:29:00,52.63
2024-03-02 00:30:00,49.44
2024-03-02 00:31:00,44.7
2024-03-02 00:32:00,43.03
2024-03-02 00:33:00,40.57
2024-03-02 00:34:00,41.42
2024-03-02 00:35:00,37.21
2024-03-02 00:36:00,41.23
2024-03-02 00:37:00,35.0
2024-03-02 00:38:00,39.15
2024-03-02 00:39:00,34.19
2024-03-02 00:40:00,33.94
2024-03-02 00:41:00,34.8
2024-03-02 00:42:00,29.27
2024-03-02 00:43:00,31.47
2024-03-02 00:44:00,31.31
2024-03-02 00:45:00,31.74
2024-03-02 00:46:00,33.86
2024-03-02 00:47:00,30.42
2024-03-02 00:48:00,30.74
2024-03-02 00:49:00,28.87
2024-03-02 00:50:00,32.84
2024-03-02 00:51:00,34.52
2024-03-02 00:52:00,39.13
2024-03-02 00:53:00,34.82
2024-03-02 00:54:00,42.64
2024-03-02 00:55:00,40.06
2024-03-02 00:56:00,41.86
2024-03-02 00:57:00,42.91
2024-03-02 00:58:00,46.55
2024-03-02 00:59:00,48.94
2024-03-02 01:00:00,49.82
2024-03-02 01:01:00,56.41
2024-03-02 01:02:00,51.97
2024-03-02 01:03:00,57.36
2024-03-02 01:04:00,56.15
2024-03-02 01:05:00,61.02
2024-03-02 01:06:00,61.75
2024-03-02 01:07:00,65.12
2024-03-02 01:08:00,64.84
2024-03-02 01:09:00,67.82
2024-03-02 01:10:00,66.98
2024-03-02 01:11:00,68.0
2024-03-02 01:12:00,71.24
2024-03-02 01:13:00,68.64
2024-03-02 01:14:00,67.8
2024-03-02 01:15:00,69.97
2024-03-02 01:16:00,69.49
2024-03-02 01:17:00,66.2
2024-03-02 01:18:00,68.13
2024-03-02 01:19:00,63.16
2024-03-02 01:20:00,66.59
2024-03-02 01:21:00,66.61
2024-03-02 01:22:00,65.81
2024-03-02 01:23:00,60.37
2024-03-02 01:24:00,64.06
2024-03-02 01:25:00,60.37
2024-03-02 01:26:00,59.92
2024-03-02 01:27:00,51.65
2024-03-02 01:28:00,52.83
2024-03-02 01:29:00,53.92
2024-03-02 01:30:00,46.89
2024-03-02 01:31:00,49.03
2024-03-02 01:32:00,45.19
2024-03-02 01:33:00,41.65
2024-03-02 01:34:00,42.92
2024-03-02 01:35:00,42.44
2024-03-02 01:36:00,40.1
2024-03-02 01:37:00,36.91
2024-03-02 01:38:00,34.87
2024-03-02 01:39:00,34.51
2024-03-02 01:40:00,35.56
2024-03-02 01:41:00,33.75
2024-03-02 01:42:00,29.97
2024-03-02 01:43:00,30.74
2024-03-02 01:44:00,31.7
2024-03-02 01:45:00,29.3
2024-03-02 01:46:00,27.24
2024-03-02 01:47:00,31.57
2024-03-02 01:48:00,32.95
2024-03-02 01:49:00,34.61
2024-03-02 01:50:00,33.99
2024-03-02 01:51:00,31.9
2024-03-02 01:52:00,34.33
2024-03-02 01:53:00,33.51
2024-03-02 01:54:00,41.7
2024-03-02 01:55:00,39.82
2024-03-02 01:56:00,40.33
2024-03-02 01:57:00,45.65
2024-03-02 01:58:00,43.9
2024-03-02 01:59:00,49.44
2024-03-02 02:00:00,50.71
2024-03-02 02:01:00,51.54
2024-03-02 02:02:00,56.02
2024-03-02 02:03:00,54.72
2024-03-02 02:04:00,60.98
2024-03-02 02:05:00,63.69
2024-03-02 02:06:00,61.92
2024-03-02 02:07:00,63.82
2024-03-02 02:08:00,62.29
2024-03-02 02:09:00,66.66
2024-03-02 02:10:00,70.0
2024-03-02 02:11:00,69.15
2024-03-02 02:12:00,66.65
2024-03-02 02:13:00,68.57
2024-03-02 02:14:00,71.53
2024-03-02 02:15:00,70.91
2024-03-02 02:16:00,71.42
2024-03-02 02:17:00,71.21
2024-03-02 02:18:00,67.79
2024-03-02 02:19:00,69.57
2024-03-02 02:20:00,69.38
2024-03-02 02:21:00,64.29
2024-03-02 02:22:00,67.12
2024-03-02 02:23:00,65.25
2024-03-02 02:24:00,63.66
2024-03-02 02:25:00,59.96
2024-03-02 02:26:00,58.51
2024-03-02 02:27:00,53.28
2024-03-02 02:28:00,52.15
2024-03-02 02:29:00,52.41
2024-03-02 02:30:00,50.47
2024-03-02 02:31:00,49.94
2024-03-02 02:32:00,45.6
2024-03-02 02:33:00,46.12
2024-03-02 02:34:00,39.84
2024-03-02 02:35:00,36.35
2024-03-02 02:36:00,40.47
2024-03-02 02:37:00,39.5
2024-03-02 02:38:00,35.35
2024-03-02 02:39:00,31.01
2024-03-02 02:40:00,32.95
2024-03-02 02:41:00,32.45
2024-03-02 02:42:00,32.13
2024-03-02 02:43:00,31.77
2024-03-02 02:44:00,29.17
2024-03-02 02:45:00,33.52
2024-03-02 02:46:00,29.45
2024-03-02 02:47:00,31.43
2024-03-02 02:48:00,34.07
2024-03-02 02:49:00,31.25
2024-03-02 02:50:00,33.45
2024-03-02 02:51:00,31.6
2024-03-02 02:52:00,37.32
2024-03-02 02:53:00,38.14
2024-03-02 02:54:00,36.6
2024-03-02 02:55:00,40.6
2024-03-02 02:56:00,43.35
2024-03-02 02:57:00,44.73
2024-03-02 02:58:00,45.58
2024-03-02 02:59:00,49.77
2024-03-02 03:00:00,49.77
2024-03-02 03:01:00,51.12
2024-03-02 03:02:00,51.72
2024-03-02 03:03:00,58.51
2024-03-02 03:04:00,56.69
2024-03-02 03:05:00,63.66
2024-03-02 03:06:00,62.61
2024-03-02 03:07:00,62.41
2024-03-02 03:08:00,63.18
2024-03-02 03:09:00,63.87
2024-03-02 03:10:00,68.55
2024-03-02 03:11:00,70.51
2024-03-02 03:12:00,67.55
2024-03-02 03:13:00,69.79
2024-03-02 03:14:00,68.91
2024-03-02 03:15:00,65.86
2024-03-02 03:16:00,70.64
2024-03-02 03:17:00,68.99
2024-03-02 03:18:00,68.39
2024-03-02 03:19:00,68.87
2024-03-02 03:20:00,64.45
2024-03-02 03:21:00,66.84
2024-03-02 03:22:00,64.68
2024-03-02 03:23:00,62.72
2024-03-02 03:24:00,63.9
2024-03-02 03:25:00,61.84
2024-03-02 03:26:00,59.53
2024-03-02 03:27:00,53.83
2024-03-02 03:28:00,54.84
2024-03-02 03:29:00,52.55
2024-03-02 03:30:00,48.78
2024-03-02 03:31:00,47.23
2024-03-02 03:32:00,45.82
2024-03-02 03:33:00,42.12
2024-03-02 03:34:00,43.85
2024-03-02 03:35:00,36.17
2024-03-02 03:36:00,35.19
2024-03-02 03:37:00,36.01
2024-03-02 03:38:00,35.38
2024-03-02 03:39:00,31.02
2024-03-02 03:40:00,31.45
2024-03-02 03:41:00,30.11
2024-03-02 03:42:00,31.96
2024-03-02 03:43:00,29.66
2024-03-02 03:44:00,31.8
2024-03-02 03:45:00,32.73
2024-03-02 03:46:00,30.69
2024-03-02 03:47:00,32.79
2024-03-02 03:48:00,32.51
2024-03-02 03:49:00,30.64
2024-03-02 03:50:00,32.32
2024-03-02 03:51:00,29.8
2024-03-02 03:52:00,34.66
2024-03-02 03:53:00,35.88
2024-03-02 03:54:00,34.69
2024-03-02 03:55:00,39.63
2024-03-02 03:56:00,44.08
2024-03-02 03:57:00,43.79
2024-03-02 03:58:00,47.58
2024-03-02 03:59:00,48.55
2024-03-02 04:00:00,45.4
2024-03-02 04:01:00,52.11
2024-03-02 04:02:00,58.24
2024-03-02 04:03:00,57.95
2024-03-02 04:04:00,57.28
2024-03-02 04:05:00,60.34
2024-03-02 04:06:00,61.77
2024-03-02 04:07:00,62.37
2024-03-02 04:08:00,65.84
2024-03-02 04:09:00,67.28
2024-03-02 04:10:00,64.51
2024-03-02 04:11:00,67.41
2024-03-02 04:12:00,70.73
2024-03-02 04:13:00,67.51
2024-03-02 04:14:00,68.4
2024-03-02 04:15:00,68.26
2024-03-02 04:16:00,66.94
2024-03-02 04:17:00,69.48
2024-03-02 04:18:00,68.81
2024-03-02 04:19:00,69.93
2024-03-02 04:20:00,65.32
2024-03-02 04:21:00,64.23
2024-03-02 04:22:00,65.42
2024-03-02 04:23:00,64.58
2024-03-02 04:24:00,58.14
2024-03-02 04:25:00,58.87
2024-03-02 04:26:00,57.67
2024-03-02 04:27:00,57.32
2024-03-02 04:28:00,56.5
2024-03-02 04:29:00,52.83
2024-03-02 04:30:00,47.29
2024-03-02 04:31:00,47.42
2024-03-02 04:32:00,43.03
2024-03-02 04:33:00,42.97
2024-03-02 04:34:00,43.06
2024-03-02 04:35:00,38.73
2024-03-02 04:36:00,38.65
2024-03-02 04:37:00,35.24
2024-03-02 04:38:00,34.0
2024-03-02 04:39:00,35.86
2024-03-02 04:40:00,29.43
2024-03-02 04:41:00,31.33
2024-03-02 04:42:00,34.21
2024-03-02 04:43:00,30.97
2024-03-02 04:44:00,30.15
2024-03-02 04:45:00,29.9
2024-03-02 04:46:00,29.75
2024-03-02 04:47:00,30.29
2024-03-02 04:48:00,33.59
2024-03-02 04:49:00,34.82
2024-03-02 04:50:00,36.78
2024-03-02 04:51:00,35.3
2024-03-02 04:52:00,33.45
2024-03-02 04:53:00,33.66
2024-03-02 04:54:00,36.72
2024-03-02 04:55:00,36.99
2024-03-02 04:56:00,41.39
2024-03-02 04:57:00,39.6
2024-03-02 04:58:00,44.59
2024-03-02 04:59:00,49.42
2024-03-02 05:00:00,48.55
2024-03-02 05:01:00,50.11
2024-03-02 05:02:00,53.33
2024-03-02 05:03:00,54.45
2024-03-02 05:04:00,56.39
2024-03-02 05:05:00,60.98
2024-03-02 05:06:00,64.92
2024-03-02 05:07:00,64.19
2024-03-02 05:08:00,61.08
2024-03-02 05:09:00,64.43
2024-03-02 05:10:00,67.16
2024-03-02 05:11:00,66.21
2024-03-02 05:12:00,69.14
2024-03-02 05:13:00,68.85
2024-03-02 05:14:00,66.86
2024-03-02 05:15:00,66.51
2024-03-02 05:16:00,71.25
2024-03-02 05:17:00,68.46
2024-03-02 05:18:00,68.7
2024-03-02 05:19:00,69.91
2024-03-02 05:20:00,68.71
2024-03-02 05:21:00,64.98
2024-03-02 05:22:00,63.33
2024-03-02 05:23:00,64.31
2024-03-02 05:24:00,61.34
2024-03-02 05:25:00,64.02
2024-03-02 05:26:00,55.82
2024-03-02 05:27:00,57.04
2024-03-02 05:28:00,52.69
2024-03-02 05:29:00,53.14
2024-03-02 05:30:00,46.51
2024-03-02 05:31:00,50.33
2024-03-02 05:32:00,45.26
2024-03-02 05:33:00,46.85
2024-03-02 05:34:00,42.85
2024-03-02 05:35:00,44.27
2024-03-02 05:36:00,36.6
2024-03-02 05:37:00,36.97
2024-03-02 05:38:00,32.18
2024-03-02 05:39:00,35.24
2024-03-02 05:40:00,34.95
2024-03-02 05:41:00,28.86
2024-03-02 05:42:00,34.56
2024-03-02 05:43:00,34.25
2024-03-02 05:44:00,25.25
2024-03-02 05:45:00,30.7
2024-03-02 05:46:00,32.38
2024-03-02 05:47:00,34.62
2024-03-02 05:48:00,32.39
2024-03-02 05:49:00,35.51
2024-03-02 05:50:00,32.18
2024-03-02 05:51:00,37.62
2024-03-02 05:52:00,37.16
2024-03-02 05:53:00,39.98
2024-03-02 05:54:00,37.71
2024-03-02 05:55:00,39.14
2024-03-02 05:56:00,43.83
2024-03-02 05:57:00,43.0
2024-03-02 05:58:00,47.4
2024-03-02 05:59:00,51.43
2024-03-02 06:00:00,50.53
2024-03-02 06:01:00,52.28
2024-03-02 06:02:00,54.09
2024-03-02 06:03:00,55.32
2024-03-02 06:04:00,58.11
2024-03-02 06:05:00,59.11
2024-03-02 06:06:00,62.77
2024-03-02 06:07:00,62.98
2024-03-02 06:08:00,62.2
2024-03-02 06:09:00,65.07
2024-03-02 06:10:00,66.72
2024-03-02 06:11:00,68.94
2024-03-02 06:12:00,67.22
2024-03-02 06:13:00,69.7
2024-03-02 06:14:00,70.93
2024-03-02 06:15:00,69.15
2024-03-02 06:16:00,70.33
2024-03-02 06:17:00,72.22
2024-03-02 06:18:00,67.48
2024-03-02 06:19:00,68.84
2024-03-02 06:20:00,69.75
2024-03-02 06:21:00,69.13
2024-03-02 06:22:00,68.44
2024-03-02 06:23:00,65.83
2024-03-02 06:24:00,62.74
2024-03-02 06:25:00,59.61
2024-03-02 06:26:00,59.53
2024-03-02 06:27:00,55.46
2024-03-02 06:28:00,54.63
2024-03-02 06:29:00,50.38
2024-03-02 06:30:00,47.03
2024-03-02 06:31:00,48.97
2024-03-02 06:32:00,42.63
2024-03-02 06:33:00,42.86
2024-03-02 06:34:00,41.29
2024-03-02 06:35:00,40.44
2024-03-02 06:36:00,35.94
2024-03-02 06:37:00,40.08
2024-03-02 06:38:00,36.61
2024-03-02 06:39:00,29.5
2024-03-02 06:40:00,31.17
2024-03-02 06:41:00,30.78
2024-03-02 06:42:00,28.66
2024-03-02 06:43:00,30.7
2024-03-02 06:44:00,30.24
2024-03-02 06:45:00,34.05
2024-03-02 06:46:00,31.78
2024-03-02 06:47:00,31.09
2024-03-02 06:48:00,33.52
2024-03-02 06:49:00,31.38
2024-03-02 06:50:00,32.89
2024-03-02 06:51:00,33.74
2024-03-02 06:52:00,36.2
2024-03-02 06:53:00,34.02
2024-03-02 06:54:00,40.26
2024-03-02 06:55:00,37.44
2024-03-02 06:56:00,43.68
2024-03-02 06:57:00,43.82
2024-03-02 06:58:00,45.7
2024-03-02 06:59:00,44.05
2024-03-02 07:00:00,48.76
2024-03-02 07:01:00,48.77
2024-03-02 07:02:00,54.83
2024-03-02 07:03:00,54.74
2024-03-02 07:04:00,57.71
2024-03-02 07:05:00,61.99
2024-03-02 07:06:00,66.05
2024-03-02 07:07:00,64.03
2024-03-02 07:08:00,65.26
2024-03-02 07:09:00,65.19
2024-03-02 07:10:00,68.07
2024-03-02 07:11:00,66.65
2024-03-02 07:12:00,67.21
2024-03-02 07:13:00,68.12
2024-03-02 07:14:00,67.31
2024-03-02 07:15:00,70.93
2024-03-02 07:16:00,71.62
2024-03-02 07:17:00,68.43
2024-03-02 07:18:00,72.87
2024-03-02 07:19:00,68.92
2024-03-02 07:20:00,70.78
2024-03-02 07:21:00,65.1
2024-03-02 07:22:00,66.02
2024-03-02 07:23:00,65.12
2024-03-02 07:24:00,61.93
2024-03-02 07:25:00,56.01
2024-03-02 07:26:00,61.24
2024-03-02 07:27:00,52.87
2024-03-02 07:28:00,53.47
2024-03-02 07:29:00,51.24
2024-03-02 07:30:00,45.56
2024-03-02 07:31:00,50.34
2024-03-02 07:32:00,48.98
2024-03-02 07:33:00,47.25
2024-03-02 07:34:00,40.17
2024-03-02 07:35:00,42.06
2024-03-02 07:36:00,38.59
2024-03-02 07:37:00,35.8
2024-03-02 07:38:00,36.87
2024-03-02 07:39:00,35.3
2024-03-02 07:40:00,37.05
2024-03-02 07:41:00,28.73
2024-03-02 07:42:00,30.24
2024-03-02 07:43:00,29.36
2024-03-02 07:44:00,30.63
2024-03-02 07:45:00,28.13
2024-03-02 07:46:00,29.87
2024-03-02 07:47:00,33.1
2024-03-02 07:48:00,28.71
2024-03-02 07:49:00,32.58
2024-03-02 07:50:00,33.23
2024-03-02 07:51:00,33.72
2024-03-02 07:52:00,36.63
2024-03-02 07:53:00,35.1
2024-03-02 07:54:00,40.56
2024-03-02 07:55:00,36.63
2024-03-02 07:56:00,41.68
2024-03-02 07:57:00,41.56
2024-03-02 07:58:00,43.17
2024-03-02 07:59:00,47.54
2024-03-02 08:00:00,47.49
2024-03-02 08:01:00,54.02
2024-03-02 08:02:00,55.27
2024-03-02 08:03:00,54.75
2024-03-02 08:04:00,60.6
2024-03-02 08:05:00,59.27
2024-03-02 08:06:00,61.43
2024-03-02 08:07:00,64.53
2024-03-02 08:08:00,64.62
2024-03-02 08:09:00,64.57
2024-03-02 08:10:00,69.07
2024-03-02 08:11:00,63.75
2024-03-02 08:12:00,67.85
2024-03-02 08:13:00,71.12
2024-03-02 08:14:00,69.4
2024-03-02 08:15:00,71.46
2024-03-02 08:16:00,73.64
2024-03-02 08:17:00,69.53
2024-03-02 08:18:00,69.33
2024-03-02 08:19:00,67.92
2024-03-02 08:20:00,70.88
2024-03-02 08:21:00,65.08
2024-03-02 08:22:00,66.89
2024-03-02 08:23:00,59.29
2024-03-02 08:24:00,61.08
2024-03-02 08:25:00,60.42
2024-03-02 08:26:00,55.89
2024-03-02 08:27:00,55.13
2024-03-02 08:28:00,54.86
2024-03-02 08:29:00,55.31
2024-03-02 08:30:00,53.16
2024-03-02 08:31:00,47.61
2024-03-02 08:32:00,46.78
2024-03-02 08:33:00,40.51
2024-03-02 08:34:00,42.3
2024-03-02 08:35:00,38.9
2024-03-02 08:36:00,36.09
2024-03-02 08:37:00,34.93
2024-03-02 08:38:00,36.65
2024-03-02 08:39:00,32.29
2024-03-02 08:40:00,32.52
2024-03-02 08:41:00,34.2
2024-03-02 08:42:00,30.61
2024-03-02 08:43:00,30.45
2024-03-02 08:44:00,31.34
2024-03-02 08:45:00,30.39
2024-03-02 08:46:00,27.18
2024-03-02 08:47:00,30.57
2024-03-02 08:48:00,28.39
2024-03-02 08:49:00,31.39
2024-03-02 08:50:00,33.54
2024-03-02 08:51:00,33.78
2024-03-02 08:52:00,33.39
2024-03-02 08:53:00,38.42
2024-03-02 08:54:00,39.29
2024-03-02 08:55:00,35.99
2024-03-02 08:56:00,39.74
2024-03-02 08:57:00,41.82
2024-03-02 08:58:00,48.63
2024-03-02 08:59:00,45.73
2024-03-02 09:00:00,49.73
2024-03-02 09:01:00,51.94
2024-03-02 09:02:00,53.5
2024-03-02 09:03:00,56.58
2024-03-02 09:04:00,61.78
2024-03-02 09:05:00,59.14
2024-03-02 09:06:00,61.23
2024-03-02 09:07:00,64.14
2024-03-02 09:08:00,63.15
2024-03-02 09:09:00,65.45
2024-03-02 09:10:00,66.68
2024-03-02 09:11:00,64.51
2024-03-02 09:12:00,65.99
2024-03-02 09:13:00,67.45
2024-03-02 09:14:00,71.35
2024-03-02 09:15:00,70.08
2024-03-02 09:16:00,67.86
2024-03-02 09:17:00,70.51
2024-03-02 09:18:00,69.5
2024-03-02 09:19:00,67.12
2024-03-02 09:20:00,65.09
2024-03-02 09:21:00,65.08
2024-03-02 09:22:00,64.66
2024-03-02 09:23:00,63.12
2024-03-02 09:24:00,62.6
2024-03-02 09:25:00,60.24
2024-03-02 09:26:00,56.02
2024-03-02 09:27:00,57.86
2024-03-02 09:28:00,53.87
2024-03-02 09:29:00,49.2
2024-03-02 09:30:00,53.13
2024-03-02 09:31:00,50.42
2024-03-02 09:32:00,42.94
2024-03-02 09:33:00,46.09
2024-03-02 09:34:00,42.8
2024-03-02 09:35:00,41.72
2024-03-02 09:36:00,36.89
2024-03-02 09:37:00,34.14
2024-03-02 09:38:00,30.64
2024-03-02 09:39:00,33.29
2024-03-02 09:40:00,33.7
2024-03-02 09:41:00,29.24
2024-03-02 09:42:00,30.07
2024-03-02 09:43:00,28.58
2024-03-02 09:44:00,27.3
2024-03-02 09:45:00,29.77
2024-03-02 09:46:00,30.81
2024-03-02 09:47:00,29.3
2024-03-02 09:48:00,29.75
2024-03-02 09:49:00,32.06
2024-03-02 09:50:00,32.86
2024-03-02 09:51:00,34.33
2024-03-02 09:52:00,37.6
2024-03-02 09:53:00,38.91
2024-03-02 09:54:00,37.42
2024-03-02 09:55:00,41.49
2024-03-02 09:56:00,43.49
2024-03-02 09:57:00,45.88
2024-03-02 09:58:00,45.26
2024-03-02 09:59:00,48.25
2024-03-02 10:00:00,47.31
2024-03-02 10:01:00,54.53
2024-03-02 10:02:00,54.39
2024-03-02 10:03:00,50.76
2024-03-02 10:04:00,59.6
2024-03-02 10:05:00,58.17
2024-03-02 10:06:00,62.68
2024-03-02 10:07:00,60.0
2024-03-02 10:08:00,63.19
2024-03-02 10:09:00,67.24
2024-03-02 10:10:00,65.31
2024-03-02 10:11:00,67.47
2024-03-02 10:12:00,66.39
2024-03-02 10:13:00,67.0
2024-03-02 10:14:00,72.4
2024-03-02 10:15:00,68.6
2024-03-02 10:16:00,68.51
2024-03-02 10:17:00,69.35
2024-03-02 10:18:00,67.87
2024-03-02 10:19:00,69.11
2024-03-02 10:20:00,66.99
2024-03-02 10:21:00,63.71
2024-03-02 10:22:00,65.55
2024-03-02 10:23:00,64.37
2024-03-02 10:24:00,62.72
2024-03-02 10:25:00,60.17
2024-03-02 10:26:00,56.05
2024-03-02 10:27:00,54.24
2024-03-02 10:28:00,50.68
2024-03-02 10:29:00,51.47
2024-03-02 10:30:00,48.53
2024-03-02 10:31:00,47.47
2024-03-02 10:32:00,46.03
2024-03-02 10:33:00,41.92
2024-03-02 10:34:00,43.21
2024-03-02 10:35:00,40.39
2024-03-02 10:36:00,35.65
2024-03-02 10:37:00,37.56
2024-03-02 10:38:00,35.87
2024-03-02 10:39:00,29.91
2024-03-02 10:40:00,33.19
2024-03-02 10:41:00,28.43
2024-03-02 10:42:00,29.87
2024-03-02 10:43:00,29.74
2024-03-02 10:44:00,28.56
2024-03-02 10:45:00,27.34
2024-03-02 10:46:00,29.89
2024-03-02 10:47:00,32.35
2024-03-02 10:48:00,29.19
2024-03-02 10:49:00,38.08
2024-03-02 10:50:00,32.06
2024-03-02 10:51:00,32.04
2024-03-02 10:52:00,35.76
2024-03-02 10:53:00,38.33
2024-03-02 10:54:00,38.45
2024-03-02 10:55:00,43.76
2024-03-02 10:56:00,42.61
2024-03-02 10:57:00,45.62
2024-03-02 10:58:00,44.36
2024-03-02 10:59:00,47.58
2024-03-02 11:00:00,52.49
2024-03-02 11:01:00,56.54
2024-03-02 11:02:00,54.54
2024-03-02 11:03:00,55.91
2024-03-02 11:04:00,57.55
2024-03-02 11:05:00,59.87
2024-03-02 11:06:00,60.87
2024-03-02 11:07:00,63.77
2024-03-02 11:08:00,65.31
2024-03-02 11:09:00,64.92
2024-03-02 11:10:00,67.06
2024-03-02 11:11:00,69.08
2024-03-02 11:12:00,71.33
2024-03-02 11:13:00,69.1
2024-03-02 11:14:00,67.65
2024-03-02 11:15:00,71.19
2024-03-02 11:16:00,71.42
2024-03-02 11:17:00,72.79
2024-03-02 11:18:00,68.13
2024-03-02 11:19:00,72.04
2024-03-02 11:20:00,67.21
2024-03-02 11:21:00,64.51
2024-03-02 11:22:00,63.2
2024-03-02 11:23:00,63.53
2024-03-02 11:24:00,65.37
2024-03-02 11:25:00,58.57
2024-03-02 11:26:00,55.17
2024-03-02 11:27:00,55.44
2024-03-02 11:28:00,57.33
2024-03-02 11:29:00,53.78
2024-03-02 11:30:00,49.0
2024-03-02 11:31:00,49.14
2024-03-02 11:32:00,43.87
2024-03-02 11:33:00,47.52
2024-03-02 11:34:00,46.54
2024-03-02 11:35:00,43.55
2024-03-02 11:36:00,35.51
2024-03-02 11:37:00,37.25
2024-03-02 11:38:00,34.42
2024-03-02 11:39:00,33.79
2024-03-02 11:40:00,32.88
2024-03-02 11:41:00,29.71
2024-03-02 11:42:00,27.29
2024-03-02 11:43:00,30.85
2024-03-02 11:44:00,29.69
2024-03-02 11:45:00,31.02
2024-03-02 11:46:00,33.05
2024-03-02 11:47:00,31.3
2024-03-02 11:48:00,33.43
2024-03-02 11:49:00,32.82
2024-03-02 11:50:00,33.57
2024-03-02 11:51:00,34.23
2024-03-02 11:52:00,33.83
2024-03-02 11:53:00,37.64
2024-03-02 11:54:00,41.97
2024-03-02 11:55:00,42.98
2024-03-02 11:56:00,46.71
2024-03-02 11:57:00,42.13
2024-03-02 11:58:00,50.19
2024-03-02 11:59:00,47.37
2024-03-02 12:00:00,48.14
2024-03-02 12:01:00,51.27
2024-03-02 12:02:00,54.03
2024-03-02 12:03:00,53.75
2024-03-02 12:04:00,58.63
2024-03-02 12:05:00,63.42
2024-03-02 12:06:00,63.26
2024-03-02 12:07:00,65.86
2024-03-02 12:08:00,67.22
2024-03-02 12:09:00,65.41
2024-03-02 12:10:00,68.47
2024-03-02 12:11:00,69.76
2024-03-02 12:12:00,66.9
2024-03-02 12:13:00,69.42
2024-03-02 12:14:00,71.49
2024-03-02 12:15:00,72.18
2024-03-02 12:16:00,73.78
2024-03-02 12:17:00,65.91
2024-03-02 12:18:00,70.25
2024-03-02 12:19:00,70.93
2024-03-02 12:20:00,68.45
2024-03-02 12:21:00,66.34
2024-03-02 12:22:00,62.14
2024-03-02 12:23:00,63.15
2024-03-02 12:24:00,61.8
2024-03-02 12:25:00,63.26
2024-03-02 12:26:00,62.26
2024-03-02 12:27:00,52.86
2024-03-02 12:28:00,56.57
2024-03-02 12:29:00,53.93
2024-03-02 12:30:00,46.94
2024-03-02 12:31:00,47.46
2024-03-02 12:32:00,47.34
2024-03-02 12:33:00,43.15
2024-03-02 12:34:00,42.51
2024-03-02 12:35:00,39.41
2024-03-02 12:36:00,42.64
2024-03-02 12:37:00,37.79
2024-03-02 12:38:00,34.96
2024-03-02 12:39:00,36.96
2024-03-02 12:40:00,33.18
2024-03-02 12:41:00,34.35
2024-03-02 12:42:00,29.26
2024-03-02 12:43:00,33.14
2024-03-02 12:44:00,29.97
2024-03-02 12:45:00,25.69
2024-03-02 12:46:00,30.83
2024-03-02 12:47:00,28.37
2024-03-02 12:48:00,33.06
2024-03-02 12:49:00,33.87
2024-03-02 12:50:00,29.76
2024-03-02 12:51:00,34.99
2024-03-02 12:52:00,36.94
2024-03-02 12:53:00,36.48
2024-03-02 12:54:00,36.52
2024-03-02 12:55:00,40.64
2024-03-02 12:56:00,41.22
2024-03-02 12:57:00,45.16
2024-03-02 12:58:00,44.7
2024-03-02 12:59:00,49.42
2024-03-02 13:00:00,46.94
2024-03-02 13:01:00,55.87
2024-03-02 13:02:00,53.89
2024-03-02 13:03:00,56.45
2024-03-02 13:04:00,60.71
2024-03-02 13:05:00,59.42
2024-03-02 13:06:00,60.48
2024-03-02 13:07:00,66.7
2024-03-02 13:08:00,68.75
2024-03-02 13:09:00,66.72
2024-03-02 13:10:00,67.65
2024-03-02 13:11:00,68.57
2024-03-02 13:12:00,71.38
2024-03-02 13:13:00,72.54
2024-03-02 13:14:00,74.1
2024-03-02 13:15:00,71.39
2024-03-02 13:16:00,69.55
2024-03-02 13:17:00,70.84
2024-03-02 13:18:00,68.18
2024-03-02 13:19:00,67.04
2024-03-02 13:20:00,64.2
2024-03-02 13:21:00,64.83
2024-03-02 13:22:00,64.0
2024-03-02 13:23:00,61.86
2024-03-02 13:24:00,59.87
2024-03-02 13:25:00,57.91
2024-03-02 13:26:00,60.34
2024-03-02 13:27:00,56.47
2024-03-02 13:28:00,52.84
2024-03-02 13:29:00,50.64
2024-03-02 13:30:00,52.36
2024-03-02 13:31:00,51.64
2024-03-02 13:32:00,49.84
2024-03-02 13:33:00,44.09
2024-03-02 13:34:00,44.95
2024-03-02 13:35:00,45.34
2024-03-02 13:36:00,38.99
2024-03-02 13:37:00,36.15
2024-03-02 13:38:00,35.47
2024-03-02 13:39:00,30.87
2024-03-02 13:40:00,34.22
2024-03-02 13:41:00,29.97
2024-03-02 13:42:00,29.63
2024-03-02 13:43:00,33.71
2024-03-02 13:44:00,29.9
2024-03-02 13:45:00,27.53
2024-03-02 13:46:00,33.52
2024-03-02 13:47:00,30.12
2024-03-02 13:48:00,26.42
2024-03-02 13:49:00,31.81
2024-03-02 13:50:00,28.83
2024-03-02 13:51:00,33.68
2024-03-02 13:52:00,36.14
2024-03-02 13:53:00,36.94
2024-03-02 13:54:00,38.58
2024-03-02 13:55:00,41.41
2024-03-02 13:56:00,42.24
2024-03-02 13:57:00,44.27
2024-03-02 13:58:00,43.36
2024-03-02 13:59:00,46.93
2024-03-02 14:00:00,49.59
2024-03-02 14:01:00,49.36
2024-03-02 14:02:00,52.07
2024-03-02 14:03:00,56.81
2024-03-02 14:04:00,60.89
2024-03-02 14:05:00,60.24
2024-03-02 14:06:00,59.91
2024-03-02 14:07:00,61.27
2024-03-02 14:08:00,67.89
2024-03-02 14:09:00,65.44
2024-03-02 14:10:00,67.99
2024-03-02 14:11:00,70.93
2024-03-02 14:12:00,66.2
2024-03-02 14:13:00,68.57
2024-03-02 14:14:00,67.1
2024-03-02 14:15:00,68.11
2024-03-02 14:16:00,67.39
2024-03-02 14:17:00,70.24
2024-03-02 14:18:00,70.42
2024-03-02 14:19:00,67.57
2024-03-02 14:20:00,65.61
2024-03-02 14:21:00,63.39
2024-03-02 14:22:00,65.99
2024-03-02 14:23:00,61.03
2024-03-02 14:24:00,66.82
2024-03-02 14:25:00,59.17
2024-03-02 14:26:00,55.95
2024-03-02 14:27:00,55.99
2024-03-02 14:28:00,56.28
2024-03-02 14:29:00,53.7
2024-03-02 14:30:00,48.86
2024-03-02 14:31:00,50.74
2024-03-02 14:32:00,45.0
2024-03-02 14:33:00,39.9
2024-03-02 14:34:00,41.71
2024-03-02 14:35:00,36.36
2024-03-02 14:36:00,41.83
2024-03-02 14:37:00,31.05
2024-03-02 14:38:00,33.87
2024-03-02 14:39:00,36.16
2024-03-02 14:40:00,30.24
2024-03-02 14:41:00,30.81
2024-03-02 14:42:00,28.66
2024-03-02 14:43:00,26.35
2024-03-02 14:44:00,31.82
2024-03-02 14:45:00,30.2
2024-03-02 14:46:00,27.76
2024-03-02 14:47:00,31.0
2024-03-02 14:48:00,32.94
2024-03-02 14:49:00,30.43
2024-03-02 14:50:00,33.01
2024-03-02 14:51:00,37.75
2024-03-02 14:52:00,31.65
2024-03-02 14:53:00,36.29
2024-03-02 14:54:00,37.82
2024-03-02 14:55:00,44.8
2024-03-02 14:56:00,40.09
2024-03-02 14:57:00,45.08
2024-03-02 14:58:00,44.07
2024-03-02 14:59:00,48.17
2024-03-02 15:00:00,50.14
2024-03-02 15:01:00,49.47
2024-03-02 15:02:00,52.0
2024-03-02 15:03:00,54.54
2024-03-02 15:04:00,57.63
2024-03-02 15:05:00,61.76
2024-03-02 15:06:00,63.41
2024-03-02 15:07:00,64.45
2024-03-02 15:08:00,64.72
2024-03-02 15:09:00,68.03
2024-03-02 15:10:00,65.17
2024-03-02 15:11:00,66.12
2024-03-02 15:12:00,69.01
2024-03-02 15:13:00,68.15
2024-03-02 15:14:00,72.03
2024-03-02 15:15:00,74.79
2024-03-02 15:16:00,67.67
2024-03-02 15:17:00,70.04
2024-03-02 15:18:00,71.66
2024-03-02 15:19:00,69.79
2024-03-02 15:20:00,67.63
2024-03-02 15:21:00,66.76
2024-03-02 15:22:00,64.83
2024-03-02 15:23:00,68.59
2024-03-02 15:24:00,61.42
2024-03-02 15:25:00,60.6
2024-03-02 15:26:00,57.54
2024-03-02 15:27:00,55.1
2024-03-02 15:28:00,53.67
2024-03-02 15:29:00,54.31
2024-03-02 15:30:00,48.36
2024-03-02 15:31:00,47.48
2024-03-02 15:32:00,48.84
2024-03-02 15:33:00,42.29
2024-03-02 15:34:00,41.31
2024-03-02 15:35:00,39.43
2024-03-02 15:36:00,39.8
2024-03-02 15:37:00,33.2
2024-03-02 15:38:00,36.49
2024-03-02 15:39:00,30.3
2024-03-02 15:40:00,34.65
2024-03-02 15:41:00,35.53
2024-03-02 15:42:00,30.55
2024-03-02 15:43:00,31.94
2024-03-02 15:44:00,31.28
2024-03-02 15:45:00,30.01
2024-03-02 15:46:00,29.27
2024-03-02 15:47:00,31.63
2024-03-02 15:48:00,31.42
2024-03-02 15:49:00,31.28
2024-03-02 15:50:00,30.84
2024-03-02 15:51:00,34.48
2024-03-02 15:52:00,37.65
2024-03-02 15:53:00,33.76
2024-03-02 15:54:00,36.89
2024-03-02 15:55:00,42.69
2024-03-02 15:56:00,40.4
2024-03-02 15:57:00,44.2
2024-03-02 15:58:00,45.1
2024-03-02 15:59:00,45.8
2024-03-02 16:00:00,48.9
2024-03-02 16:01:00,49.01
2024-03-02 16:02:00,52.71
2024-03-02 16:03:00,55.59
2024-03-02 16:04:00,58.32
2024-03-02 16:05:00,60.22
2024-03-02 16:06:00,59.15
2024-03-02 16:07:00,64.75
2024-03-02 16:08:00,65.62
2024-03-02 16:09:00,64.73
2024-03-02 16:10:00,69.41
2024-03-02 16:11:00,69.22
2024-03-02 16:12:00,68.07
2024-03-02 16:13:00,71.1
2024-03-02 16:14:00,72.21
2024-03-02 16:15:00,70.71
2024-03-02 16:16:00,66.96
2024-03-02 16:17:00,70.68
2024-03-02 16:18:00,68.17
2024-03-02 16:19:00,66.5
2024-03-02 16:20:00,72.47
2024-03-02 16:21:00,67.59
2024-03-02 16:22:00,65.82
2024-03-02 16:23:00,66.52
2024-03-02 16:24:00,61.3
2024-03-02 16:25:00,59.81
2024-03-02 16:26:00,57.57
2024-03-02 16:27:00,50.85
2024-03-02 16:28:00,56.03
2024-03-02 16:29:00,54.65
2024-03-02 16:30:00,47.76
2024-03-02 16:31:00,46.82
2024-03-02 16:32:00,43.85
2024-03-02 16:33:00,44.7
2024-03-02 16:34:00,42.76
2024-03-02 16:35:00,41.67
2024-03-02 16:36:00,36.49
2024-03-02 16:37:00,33.15
2024-03-02 16:38:00,34.89
2024-03-02 16:39:00,31.02
2024-03-02 16:40:00,32.71
2024-03-02 16:41:00,31.94
2024-03-02 16:42:00,33.12
2024-03-02 16:43:00,27.79
2024-03-02 16:44:00,31.13
2024-03-02 16:45:00,29.65
2024-03-02 16:46:00,31.88
2024-03-02 16:47:00,30.15
2024-03-02 16:48:00,30.61
2024-03-02 16:49:00,31.57
2024-03-02 16:50:00,33.97
2024-03-02 16:51:00,29.33
2024-03-02 16:52:00,36.23
2024-03-02 16:53:00,36.23
2024-03-02 16:54:00,39.86
2024-03-02 16:55:00,41.94
2024-03-02 16:56:00,41.54
2024-03-02 16:57:00,44.03
2024-03-02 16:58:00,45.02
2024-03-02 16:59:00,51.28
2024-03-02 17:00:00,50.13
2024-03-02 17:01:00,50.62
2024-03-02 17:02:00,55.83
2024-03-02 17:03:00,55.25
2024-03-02 17:04:00,58.36
2024-03-02 17:05:00,58.18
2024-03-02 17:06:00,64.75
2024-03-02 17:07:00,63.12
2024-03-02 17:08:00,64.36
2024-03-02 17:09:00,66.71
2024-03-02 17:10:00,69.17
2024-03-02 17:11:00,72.75
2024-03-02 17:12:00,65.83
2024-03-02 17:13:00,67.93
2024-03-02 17:14:00,70.46
2024-03-02 17:15:00,72.37
2024-03-02 17:16:00,66.07
2024-03-02 17:17:00,66.78
2024-03-02 17:18:00,64.48
2024-03-02 17:19:00,68.11
2024-03-02 17:20:00,66.21
2024-03-02 17:21:00,68.58
2024-03-02 17:22:00,64.23
2024-03-02 17:23:00,62.75
2024-03-02 17:24:00,62.53
2024-03-02 17:25:00,61.32
2024-03-02 17:26:00,58.04
2024-03-02 17:27:00,57.46
2024-03-02 17:28:00,53.37
2024-03-02 17:29:00,52.53
2024-03-02 17:30:00,52.32
2024-03-02 17:31:00,51.09
2024-03-02 17:32:00,46.78
2024-03-02 17:33:00,45.79
2024-03-02 17:34:00,44.98
2024-03-02 17:35:00,41.74
2024-03-02 17:36:00,37.91
2024-03-02 17:37:00,39.55
2024-03-02 17:38:00,36.01
2024-03-02 17:39:00,31.94
2024-03-02 17:40:00,32.99
2024-03-02 17:41:00,32.86
2024-03-02 17:42:00,28.38
2024-03-02 17:43:00,31.11
2024-03-02 17:44:00,28.67
2024-03-02 17:45:00,27.77
2024-03-02 17:46:00,30.11
2024-03-02 17:47:00,30.55
2024-03-02 17:48:00,32.39
2024-03-02 17:49:00,33.36
2024-03-02 17:50:00,35.22
2024-03-02 17:51:00,33.32
2024-03-02 17:52:00,38.94
2024-03-02 17:53:00,36.13
2024-03-02 17:54:00,39.9
2024-03-02 17:55:00,39.96
2024-03-02 17:56:00,41.08
2024-03-02 17:57:00,41.85
2024-03-02 17:58:00,47.74
2024-03-02 17:59:00,45.91
2024-03-02 18:00:00,46.06
2024-03-02 18:01:00,54.81
2024-03-02 18:02:00,55.42
2024-03-02 18:03:00,54.22
2024-03-02 18:04:00,56.32
2024-03-02 18:05:00,60.92
2024-03-02 18:06:00,60.33
2024-03-02 18:07:00,64.35
2024-03-02 18:08:00,66.73
2024-03-02 18:09:00,69.45
2024-03-02 18:10:00,69.33
2024-03-02 18:11:00,70.21
2024-03-02 18:12:00,71.2
2024-03-02 18:13:00,72.95
2024-03-02 18:14:00,70.03
2024-03-02 18:15:00,71.03
2024-03-02 18:16:00,74.2
2024-03-02 18:17:00,70.05
2024-03-02 18:18:00,69.44
2024-03-02 18:19:00,66.59
2024-03-02 18:20:00,68.89
2024-03-02 18:21:00,64.39
2024-03-02 18:22:00,65.36
2024-03-02 18:23:00,65.92
2024-03-02 18:24:00,64.79
2024-03-02 18:25:00,60.55
2024-03-02 18:26:00,57.88
2024-03-02 18:27:00,58.1
2024-03-02 18:28:00,55.98
2024-03-02 18:29:00,49.97
2024-03-02 18:30:00,51.39
2024-03-02 18:31:00,47.55
2024-03-02 18:32:00,49.75
2024-03-02 18:33:00,43.98
2024-03-02 18:34:00,41.04
2024-03-02 18:35:00,39.32
2024-03-02 18:36:00,38.14
2024-03-02 18:37:00,41.47
2024-03-02 18:38:00,32.89
2024-03-02 18:39:00,32.63
2024-03-02 18:40:00,33.24
2024-03-02 18:41:00,27.46
2024-03-02 18:42:00,28.1
2024-03-02 18:43:00,32.81
2024-03-02 18:44:00,33.5
2024-03-02 18:45:00,26.35
2024-03-02 18:46:00,25.92
2024-03-02 18:47:00,30.96
2024-03-02 18:48:00,31.98
2024-03-02 18:49:00,29.71
2024-03-02 18:50:00,32.46
2024-03-02 18:51:00,32.76
2024-03-02 18:52:00,35.07
2024-03-02 18:53:00,34.61
2024-03-02 18:54:00,39.11
2024-03-02 18:55:00,38.38
2024-03-02 18:56:00,42.35
2024-03-02 18:57:00,42.24
2024-03-02 18:58:00,43.83
2024-03-02 18:59:00,47.93
2024-03-02 19:00:00,51.49
2024-03-02 19:01:00,52.06
2024-03-02 19:02:00,56.14
2024-03-02 19:03:00,53.14
2024-03-02 19:04:00,61.04
2024-03-02 19:05:00,58.99
2024-03-02 19:06:00,56.99
2024-03-02 19:07:00,63.48
2024-03-02 19:08:00,69.11
2024-03-02 19:09:00,67.21
2024-03-02 19:10:00,67.25
2024-03-02 19:11:00,66.93
2024-03-02 19:12:00,67.97
2024-03-02 19:13:00,73.42
2024-03-02 19:14:00,71.15
2024-03-02 19:15:00,70.96
2024-03-02 19:16:00,70.69
2024-03-02 19:17:00,70.68
2024-03-02 19:18:00,70.28
2024-03-02 19:19:00,69.62
2024-03-02 19:20:00,69.19
2024-03-02 19:21:00,64.26
2024-03-02 19:22:00,65.37
2024-03-02 19:23:00,64.17
2024-03-02 19:24:00,63.28
2024-03-02 19:25:00,59.98
2024-03-02 19:26:00,57.84
2024-03-02 19:27:00,57.43
2024-03-02 19:28:00,53.29
2024-03-02 19:29:00,56.82
2024-03-02 19:30:00,48.57
2024-03-02 19:31:00,49.41
2024-03-02 19:32:00,44.48
2024-03-02 19:33:00,46.14
2024-03-02 19:34:00,40.33
2024-03-02 19:35:00,39.76
2024-03-02 19:36:00,40.23
2024-03-02 19:37:00,38.21
2024-03-02 19:38:00,34.5
2024-03-02 19:39:00,33.58
2024-03-02 19:40:00,31.54
2024-03-02 19:41:00,33.49
2024-03-02 19:42:00,29.24
2024-03-02 19:43:00,30.61
2024-03-02 19:44:00,28.37
2024-03-02 19:45:00,26.86
2024-03-02 19:46:00,31.64
2024-03-02 19:47:00,31.86
2024-03-02 19:48:00,29.65
2024-03-02 19:49:00,29.4
2024-03-02 19:50:00,35.49
2024-03-02 19:51:00,30.91
2024-03-02 19:52:00,31.12
2024-03-02 19:53:00,35.44
2024-03-02 19:54:00,38.64
2024-03-02 19:55:00,38.93
2024-03-02 19:56:00,43.84
2024-03-02 19:57:00,43.93
2024-03-02 19:58:00,45.53
2024-03-02 19:59:00,48.27
2024-03-02 20:00:00,50.89
2024-03-02 20:01:00,49.85
2024-03-02 20:02:00,57.9
2024-03-02 20:03:00,55.61
2024-03-02 20:04:00,58.85
2024-03-02 20:05:00,58.11
2024-03-02 20:06:00,64.72
2024-03-02 20:07:00,62.28
2024-03-02 20:08:00,66.87
2024-03-02 20:09:00,67.74
2024-03-02 20:10:00,68.01
2024-03-02 20:11:00,71.05
2024-03-02 20:12:00,68.55
2024-03-02 20:13:00,69.9
2024-03-02 20:14:00,73.51
2024-03-02 20:15:00,67.35
2024-03-02 20:16:00,69.0
2024-03-02 20:17:00,68.53
2024-03-02 20:18:00,66.4
2024-03-02 20:19:00,69.89
2024-03-02 20:20:00,68.34
2024-03-02 20:21:00,67.09
2024-03-02 20:22:00,68.79
2024-03-02 20:23:00,65.89
2024-03-02 20:24:00,61.79
2024-03-02 20:25:00,58.91
2024-03-02 20:26:00,58.4
2024-03-02 20:27:00,59.1
2024-03-02 20:28:00,55.53
2024-03-02 20:29:00,51.86
2024-03-02 20:30:00,51.24
2024-03-02 20:31:00,46.17
2024-03-02 20:32:00,46.03
2024-03-02 20:33:00,43.58
2024-03-02 20:34:00,39.8
2024-03-02 20:35:00,39.71
2024-03-02 20:36:00,39.43
2024-03-02 20:37:00,31.66
2024-03-02 20:38:00,37.82
2024-03-02 20:39:00,35.82
2024-03-02 20:40:00,29.99
2024-03-02 20:41:00,34.86
2024-03-02 20:42:00,35.51
2024-03-02 20:43:00,25.23
2024-03-02 20:44:00,27.76
2024-03-02 20:45:00,29.86
2024-03-02 20:46:00,30.26
2024-03-02 20:47:00,31.07
2024-03-02 20:48:00,31.77
2024-03-02 20:49:00,31.19
2024-03-02 20:50:00,31.84
2024-03-02 20:51:00,34.2
2024-03-02 20:52:00,36.87
2024-03-02 20:53:00,37.03
2024-03-02 20:54:00,39.47
2024-03-02 20:55:00,41.08
2024-03-02 20:56:00,43.35
2024-03-02 20:57:00,43.75
2024-03-02 20:58:00,46.67
2024-03-02 20:59:00,44.48
2024-03-02 21:00:00,51.83
2024-03-02 21:01:00,52.88
2024-03-02 21:02:00,55.21
2024-03-02 21:03:00,57.61
2024-03-02 21:04:00,58.88
2024-03-02 21:05:00,60.8
2024-03-02 21:06:00,61.61
2024-03-02 21:07:00,62.73
2024-03-02 21:08:00,62.36
2024-03-02 21:09:00,66.55
2024-03-02 21:10:00,65.98
2024-03-02 21:11:00,68.96
2024-03-02 21:12:00,68.37
2024-03-02 21:13:00,68.93
2024-03-02 21:14:00,70.65
2024-03-02 21:15:00,71.49
2024-03-02 21:16:00,68.62
2024-03-02 21:17:00,69.98
2024-03-02 21:18:00,68.1
2024-03-02 21:19:00,67.01
2024-03-02 21:20:00,63.74
2024-03-02 21:21:00,66.66
2024-03-02 21:22:00,63.54
2024-03-02 21:23:00,61.01
2024-03-02 21:24:00,62.76
2024-03-02 21:25:00,58.23
2024-03-02 21:26:00,56.33
2024-03-02 21:27:00,57.03
2024-03-02 21:28:00,55.99
2024-03-02 21:29:00,54.07
2024-03-02 21:30:00,46.43
2024-03-02 21:31:00,48.13
2024-03-02 21:32:00,44.41
2024-03-02 21:33:00,42.66
2024-03-02 21:34:00,42.89
2024-03-02 21:35:00,38.76
2024-03-02 21:36:00,36.86
2024-03-02 21:37:00,40.41
2024-03-02 21:38:00,36.51
2024-03-02 21:39:00,33.65
2024-03-02 21:40:00,33.1
2024-03-02 21:41:00,34.33
2024-03-02 21:42:00,34.61
2024-03-02 21:43:00,31.0
2024-03-02 21:44:00,27.21
2024-03-02 21:45:00,31.45
2024-03-02 21:46:00,33.62
2024-03-02 21:47:00,31.0
2024-03-02 21:48:00,30.58
2024-03-02 21:49:00,31.6
2024-03-02 21:50:00,34.63
2024-03-02 21:51:00,34.43
2024-03-02 21:52:00,33.57
2024-03-02 21:53:00,35.08
2024-03-02 21:54:00,35.58
2024-03-02 21:55:00,36.63
2024-03-02 21:56:00,40.32
2024-03-02 21:57:00,45.23
2024-03-02 21:58:00,46.01
2024-03-02 21:59:00,47.34
2024-03-02 22:00:00,49.62
2024-03-02 22:01:00,52.7
2024-03-02 22:02:00,52.45
2024-03-02 22:03:00,53.72
2024-03-02 22:04:00,56.7
2024-03-02 22:05:00,57.61
2024-03-02 22:06:00,61.75
2024-03-02 22:07:00,63.05
2024-03-02 22:08:00,62.93
2024-03-02 22:09:00,64.12
2024-03-02 22:10:00,69.01
2024-03-02 22:11:00,65.38
2024-03-02 22:12:00,71.64
2024-03-02 22:13:00,70.14
2024-03-02 22:14:00,68.51
2024-03-02 22:15:00,70.85
2024-03-02 22:16:00,70.68
2024-03-02 22:17:00,70.2
2024-03-02 22:18:00,69.85
2024-03-02 22:19:00,69.5
2024-03-02 22:20:00,64.61
2024-03-02 22:21:00,66.47
2024-03-02 22:22:00,64.78
2024-03-02 22:23:00,64.73
2024-03-02 22:24:00,59.46
2024-03-02 22:25:00,59.68
2024-03-02 22:26:00,59.42
2024-03-02 22:27:00,56.84
2024-03-02 22:28:00,50.49
2024-03-02 22:29:00,54.98
2024-03-02 22:30:00,48.55
2024-03-02 22:31:00,48.3
2024-03-02 22:32:00,50.83
2024-03-02 22:33:00,38.76
2024-03-02 22:34:00,44.14
2024-03-02 22:35:00,43.36
2024-03-02 22:36:00,36.71
2024-03-02 22:37:00,36.71
2024-03-02 22:38:00,36.1
2024-03-02 22:39:00,31.48
2024-03-02 22:40:00,29.75
2024-03-02 22:41:00,30.73
2024-03-02 22:42:00,28.58
2024-03-02 22:43:00,32.41
2024-03-02 22:44:00,29.92
2024-03-02 22:45:00,26.37
2024-03-02 22:46:00,31.74
2024-03-02 22:47:00,30.95
2024-03-02 22:48:00,28.41
2024-03-02 22:49:00,30.25
2024-03-02 22:50:00,29.72
2024-03-02 22:51:00,31.77
2024-03-02 22:52:00,33.73
2024-03-02 22:53:00,39.1
2024-03-02 22:54:00,34.48
2024-03-02 22:55:00,39.21
2024-03-02 22:56:00,41.12
2024-03-02 22:57:00,46.18
2024-03-02 22:58:00,46.2
2024-03-02 22:59:00,52.44
2024-03-02 23:00:00,51.66
2024-03-02 23:01:00,51.7
2024-03-02 23:02:00,55.55
2024-03-02 23:03:00,54.56
2024-03-02 23:04:00,57.62
2024-03-02 23:05:00,61.89
2024-03-02 23:06:00,61.51
2024-03-02 23:07:00,57.64
2024-03-02 23:08:00,66.73
2024-03-02 23:09:00,62.81
2024-03-02 23:10:00,66.89
2024-03-02 23:11:00,69.52
2024-03-02 23:12:00,69.25
2024-03-02 23:13:00,74.34
2024-03-02 23:14:00,70.6
2024-03-02 23:15:00,71.19
2024-03-02 23:16:00,70.98
2024-03-02 23:17:00,65.7
2024-03-02 23:18:00,69.1
2024-03-02 23:19:00,70.7
2024-03-02 23:20:00,64.69
2024-03-02 23:21:00,69.18
2024-03-02 23:22:00,62.91
2024-03-02 23:23:00,62.22
2024-03-02 23:24:00,59.28
2024-03-02 23:25:00,54.77
2024-03-02 23:26:00,55.8
2024-03-02 23:27:00,53.4
2024-03-02 23:28:00,54.75
2024-03-02 23:29:00,50.64
2024-03-02 23:30:00,48.97
2024-03-02 23:31:00,48.76
2024-03-02 23:32:00,43.05
2024-03-02 23:33:00,41.68
2024-03-02 23:34:00,40.31
2024-03-02 23:35:00,40.91
2024-03-02 23:36:00,35.38
2024-03-02 23:37:00,38.03
2024-03-02 23:38:00,39.54
2024-03-02 23:39:00,34.97
2024-03-02 23:40:00,31.3
2024-03-02 23:41:00,29.52
2024-03-02 23:42:00,31.82
2024-03-02 23:43:00,30.51
2024-03-02 23:44:00,31.72
2024-03-02 23:45:00,32.25
2024-03-02 23:46:00,28.99
2024-03-02 23:47:00,30.0
2024-03-02 23:48:00,32.12
2024-03-02 23:49:00,30.34
2024-03-02 23:50:00,33.74
2024-03-02 23:51:00,35.1
2024-03-02 23:52:00,35.15
2024-03-02 23:53:00,34.31
2024-03-02 23:54:00,37.22
2024-03-02 23:55:00,38.79
2024-03-02 23:56:00,40.77
2024-03-02 23:57:00,42.79
2024-03-02 23:58:00,49.01
2024-03-02 23:59:00,48.17
2024-03-03 00:00:00,48.42
2024-03-03 00:01:00,52.7
2024-03-03 00:02:00,52.23
2024-03-03 00:03:00,55.86
2024-03-03 00:04:00,60.01
2024-03-03 00:05:00,55.04
2024-03-03 00:06:00,61.43
2024-03-03 00:07:00,62.92
2024-03-03 00:08:00,64.71
2024-03-03 00:09:00,65.96
2024-03-03 00:10:00,66.61
2024-03-03 00:11:00,68.79
2024-03-03 00:12:00,69.32
2024-03-03 00:13:00,69.21
2024-03-03 00:14:00,68.92
2024-03-03 00:15:00,68.0
2024-03-03 00:16:00,68.34
2024-03-03 00:17:00,69.47
2024-03-03 00:18:00,67.5
2024-03-03 00:19:00,69.76
2024-03-03 00:20:00,65.12
2024-03-03 00:21:00,66.89
2024-03-03 00:22:00,66.3
2024-03-03 00:23:00,60.95
2024-03-03 00:24:00,63.29
2024-03-03 00:25:00,58.15
2024-03-03 00:26:00,55.35
2024-03-03 00:27:00,55.76
2024-03-03 00:28:00,53.39
2024-03-03 00:29:00,48.93
2024-03-03 00:30:00,48.12
2024-03-03 00:31:00,47.18
2024-03-03 00:32:00,45.28
2024-03-03 00:33:00,47.04
2024-03-03 00:34:00,46.54
2024-03-03 00:35:00,41.83
2024-03-03 00:36:00,42.5
2024-03-03 00:37:00,36.34
2024-03-03 00:38:00,38.95
2024-03-03 00:39:00,30.55
2024-03-03 00:40:00,29.62
2024-03-03 00:41:00,29.48
2024-03-03 00:42:00,31.85
2024-03-03 00:43:00,32.47
2024-03-03 00:44:00,31.96
2024-03-03 00:45:00,30.27
2024-03-03 00:46:00,28.98
2024-03-03 00:47:00,30.93
2024-03-03 00:48:00,30.69
2024-03-03 00:49:00,30.52
2024-03-03 00:50:00,34.45
2024-03-03 00:51:00,36.63
2024-03-03 00:52:00,38.98
2024-03-03 00:53:00,34.18
2024-03-03 00:54:00,39.14
2024-03-03 00:55:00,39.01
2024-03-03 00:56:00,39.92
2024-03-03 00:57:00,42.31
2024-03-03 00:58:00,47.21
2024-03-03 00:59:00,48.37
2024-03-03 01:00:00,46.44
2024-03-03 01:01:00,50.35
2024-03-03 01:02:00,54.27
2024-03-03 01:03:00,52.52
2024-03-03 01:04:00,53.38
2024-03-03 01:05:00,61.39
2024-03-03 01:06:00,60.52
2024-03-03 01:07:00,62.34
2024-03-03 01:08:00,63.92
2024-03-03 01:09:00,67.87
2024-03-03 01:10:00,69.28
2024-03-03 01:11:00,70.37
2024-03-03 01:12:00,65.39
2024-03-03 01:13:00,68.71
2024-03-03 01:14:00,70.84
2024-03-03 01:15:00,70.66
2024-03-03 01:16:00,69.16
2024-03-03 01:17:00,70.75
2024-03-03 01:18:00,69.01
2024-03-03 01:19:00,70.13
2024-03-03 01:20:00,65.87
2024-03-03 01:21:00,68.07
2024-03-03 01:22:00,64.71
2024-03-03 01:23:00,60.97
2024-03-03 01:24:00,62.32
2024-03-03 01:25:00,59.54
2024-03-03 01:26:00,56.5
2024-03-03 01:27:00,53.73
2024-03-03 01:28:00,56.54
2024-03-03 01:29:00,51.01
2024-03-03 01:30:00,49.46
2024-03-03 01:31:00,45.76
2024-03-03 01:32:00,46.66
2024-03-03 01:33:00,44.23
2024-03-03 01:34:00,39.16
2024-03-03 01:35:00,40.77
2024-03-03 01:36:00,37.3
2024-03-03 01:37:00,37.48
2024-03-03 01:38:00,38.54
2024-03-03 01:39:00,30.1
2024-03-03 01:40:00,31.78
2024-03-03 01:41:00,33.07
2024-03-03 01:42:00,34.39
2024-03-03 01:43:00,34.62
2024-03-03 01:44:00,27.81
2024-03-03 01:45:00,28.98
2024-03-03 01:46:00,28.71
2024-03-03 01:47:00,33.75
2024-03-03 01:48:00,32.09
2024-03-03 01:49:00,34.47
2024-03-03 01:50:00,30.42
2024-03-03 01:51:00,29.71
2024-03-03 01:52:00,36.22
2024-03-03 01:53:00,34.74
2024-03-03 01:54:00,37.85
2024-03-03 01:55:00,37.65
2024-03-03 01:56:00,43.5
2024-03-03 01:57:00,45.7
2024-03-03 01:58:00,44.97
2024-03-03 01:59:00,43.41
2024-03-03 02:00:00,48.53
2024-03-03 02:01:00,51.55
2024-03-03 02:02:00,51.09
2024-03-03 02:03:00,55.92
2024-03-03 02:04:00,57.91
2024-03-03 02:05:00,61.04
2024-03-03 02:06:00,62.35
2024-03-03 02:07:00,64.97
2024-03-03 02:08:00,65.31
2024-03-03 02:09:00,67.79
2024-03-03 02:10:00,69.39
2024-03-03 02:11:00,68.83
2024-03-03 02:12:00,68.92
2024-03-03 02:13:00,69.29
2024-03-03 02:14:00,70.36
2024-03-03 02:15:00,70.81
2024-03-03 02:16:00,66.33
2024-03-03 02:17:00,71.55
2024-03-03 02:18:00,68.78
2024-03-03 02:19:00,70.28
2024-03-03 02:20:00,66.61
2024-03-03 02:21:00,67.1
2024-03-03 02:22:00,66.03
2024-03-03 02:23:00,64.14
2024-03-03 02:24:00,63.69
2024-03-03 02:25:00,60.52
2024-03-03 02:26:00,58.23
2024-03-03 02:27:00,54.57
2024-03-03 02:28:00,56.52
2024-03-03 02:29:00,51.93
2024-03-03 02:30:00,50.1
2024-03-03 02:31:00,45.32
2024-03-03 02:32:00,42.66
2024-03-03 02:33:00,42.38
2024-03-03 02:34:00,42.16
2024-03-03 02:35:00,38.68
2024-03-03 02:36:00,38.92
2024-03-03 02:37:00,37.7
2024-03-03 02:38:00,35.23
2024-03-03 02:39:00,34.62
2024-03-03 02:40:00,32.91
2024-03-03 02:41:00,33.73
2024-03-03 02:42:00,30.66
2024-03-03 02:43:00,30.09
2024-03-03 02:44:00,27.74
2024-03-03 02:45:00,27.92
2024-03-03 02:46:00,32.38
2024-03-03 02:47:00,28.6
2024-03-03 02:48:00,29.44
2024-03-03 02:49:00,31.04
2024-03-03 02:50:00,30.64
2024-03-03 02:51:00,35.68
2024-03-03 02:52:00,35.74
2024-03-03 02:53:00,34.87
2024-03-03 02:54:00,37.28
2024-03-03 02:55:00,38.36
2024-03-03 02:56:00,41.42
2024-03-03 02:57:00,43.41
2024-03-03 02:58:00,48.2
2024-03-03 02:59:00,49.65
2024-03-03 03:00:00,51.08
2024-03-03 03:01:00,50.74
2024-03-03 03:02:00,53.95
2024-03-03 03:03:00,52.75
2024-03-03 03:04:00,60.85
2024-03-03 03:05:00,61.24
2024-03-03 03:06:00,60.53
2024-03-03 03:07:00,63.91
2024-03-03 03:08:00,65.91
2024-03-03 03:09:00,69.74
2024-03-03 03:10:00,66.42
2024-03-03 03:11:00,66.44
2024-03-03 03:12:00,67.85
2024-03-03 03:13:00,69.76
2024-03-03 03:14:00,72.32
2024-03-03 03:15:00,69.83
2024-03-03 03:16:00,71.74
2024-03-03 03:17:00,70.49
2024-03-03 03:18:00,70.29
2024-03-03 03:19:00,67.05
2024-03-03 03:20:00,67.23
2024-03-03 03:21:00,65.37
2024-03-03 03:22:00,65.17
2024-03-03 03:23:00,60.65
2024-03-03 03:24:00,60.5
2024-03-03 03:25:00,60.36
2024-03-03 03:26:00,54.58
2024-03-03 03:27:00,56.42
2024-03-03 03:28:00,55.6
2024-03-03 03:29:00,52.57
2024-03-03 03:30:00,49.57
2024-03-03 03:31:00,49.52
2024-03-03 03:32:00,43.57
2024-03-03 03:33:00,39.81
2024-03-03 03:34:00,39.4
2024-03-03 03:35:00,38.43
2024-03-03 03:36:00,35.99
2024-03-03 03:37:00,36.72
2024-03-03 03:38:00,34.59
2024-03-03 03:39:00,30.83
2024-03-03 03:40:00,31.15
2024-03-03 03:41:00,33.43
2024-03-03 03:42:00,32.53
2024-03-03 03:43:00,31.17
2024-03-03 03:44:00,30.2
2024-03-03 03:45:00,24.36
2024-03-03 03:46:00,28.0
2024-03-03 03:47:00,30.93
2024-03-03 03:48:00,32.86
2024-03-03 03:49:00,34.14
2024-03-03 03:50:00,33.24
2024-03-03 03:51:00,33.35
2024-03-03 03:52:00,34.32
2024-03-03 03:53:00,35.52
2024-03-03 03:54:00,40.19
2024-03-03 03:55:00,42.22
2024-03-03 03:56:00,41.68
2024-03-03 03:57:00,44.62
2024-03-03 03:58:00,45.32
2024-03-03 03:59:00,43.88
2024-03-03 04:00:00,47.05
2024-03-03 04:01:00,50.36
2024-03-03 04:02:00,53.26
2024-03-03 04:03:00,53.86
2024-03-03 04:04:00,55.69
2024-03-03 04:05:00,60.7
2024-03-03 04:06:00,61.72
2024-03-03 04:07:00,63.58
2024-03-03 04:08:00,62.16
2024-03-03 04:09:00,62.84
2024-03-03 04:10:00,66.04
2024-03-03 04:11:00,69.99
2024-03-03 04:12:00,68.87
2024-03-03 04:13:00,69.07
2024-03-03 04:14:00,69.92
2024-03-03 04:15:00,73.43
2024-03-03 04:16:00,69.53
2024-03-03 04:17:00,69.06
2024-03-03 04:18:00,67.11
2024-03-03 04:19:00,70.17
2024-03-03 04:20:00,70.84
2024-03-03 04:21:00,69.37
2024-03-03 04:22:00,66.12
2024-03-03 04:23:00,65.81
2024-03-03 04:24:00,63.14
2024-03-03 04:25:00,60.62
2024-03-03 04:26:00,60.2
2024-03-03 04:27:00,58.87
2024-03-03 04:28:00,58.34
2024-03-03 04:29:00,51.55
2024-03-03 04:30:00,50.59
2024-03-03 04:31:00,50.71
2024-03-03 04:32:00,48.29
2024-03-03 04:33:00,42.21
2024-03-03 04:34:00,43.89
2024-03-03 04:35:00,40.82
2024-03-03 04:36:00,36.83
2024-03-03 04:37:00,39.13
2024-03-03 04:38:00,37.85
2024-03-03 04:39:00,34.93
2024-03-03 04:40:00,33.33
2024-03-03 04:41:00,31.93
2024-03-03 04:42:00,31.52
2024-03-03 04:43:00,34.39
2024-03-03 04:44:00,30.29
2024-03-03 04:45:00,28.44
2024-03-03 04:46:00,31.66
2024-03-03 04:47:00,30.53
2024-03-03 04:48:00,33.3
2024-03-03 04:49:00,30.69
2024-03-03 04:50:00,35.5
2024-03-03 04:51:00,35.37
2024-03-03 04:52:00,32.46
2024-03-03 04:53:00,33.81
2024-03-03 04:54:00,42.09
2024-03-03 04:55:00,39.51
2024-03-03 04:56:00,40.09
2024-03-03 04:57:00,40.13
2024-03-03 04:58:00,44.84
2024-03-03 04:59:00,46.96
2024-03-03 05:00:00,48.32
2024-03-03 05:01:00,51.93
2024-03-03 05:02:00,54.17
2024-03-03 05:03:00,57.46
2024-03-03 05:04:00,59.63
2024-03-03 05:05:00,60.67
2024-03-03 05:06:00,63.46
2024-03-03 05:07:00,61.71
2024-03-03 05:08:00,63.91
2024-03-03 05:09:00,66.0
2024-03-03 05:10:00,68.3
2024-03-03 05:11:00,68.0
2024-03-03 05:12:00,70.27
2024-03-03 05:13:00,69.28
2024-03-03 05:14:00,74.42
2024-03-03 05:15:00,71.45
2024-03-03 05:16:00,71.45
2024-03-03 05:17:00,69.87
2024-03-03 05:18:00,67.61
2024-03-03 05:19:00,66.07
2024-03-03 05:20:00,67.13
2024-03-03 05:21:00,64.45
2024-03-03 05:22:00,64.87
2024-03-03 05:23:00,62.71
2024-03-03 05:24:00,63.18
2024-03-03 05:25:00,60.3
2024-03-03 05:26:00,58.59
2024-03-03 05:27:00,55.32
2024-03-03 05:28:00,53.71
2024-03-03 05:29:00,47.33
2024-03-03 05:30:00,50.86
2024-03-03 05:31:00,47.75
2024-03-03 05:32:00,45.82
2024-03-03 05:33:00,44.51
2024-03-03 05:34:00,42.02
2024-03-03 05:35:00,37.91
2024-03-03 05:36:00,37.84
2024-03-03 05:37:00,40.91
2024-03-03 05:38:00,30.54
2024-03-03 05:39:00,30.86
2024-03-03 05:40:00,32.27
2024-03-03 05:41:00,30.85
2024-03-03 05:42:00,31.64
2024-03-03 05:43:00,31.19
2024-03-03 05:44:00,27.83
2024-03-03 05:45:00,32.69
2024-03-03 05:46:00,30.69
2024-03-03 05:47:00,30.11
2024-03-03 05:48:00,26.97
2024-03-03 05:49:00,34.32
2024-03-03 05:50:00,33.17
2024-03-03 05:51:00,32.28
2024-03-03 05:52:00,36.01
2024-03-03 05:53:00,35.96
2024-03-03 05:54:00,37.55
2024-03-03 05:55:00,41.16
2024-03-03 05:56:00,39.67
2024-03-03 05:57:00,44.95
2024-03-03 05:58:00,46.96
2024-03-03 05:59:00,48.46
2024-03-03 06:00:00,47.18
2024-03-03 06:01:00,49.5
2024-03-03 06:02:00,58.41
2024-03-03 06:03:00,58.83
2024-03-03 06:04:00,54.68
2024-03-03 06:05:00,59.98
2024-03-03 06:06:00,63.51
2024-03-03 06:07:00,64.06
2024-03-03 06:08:00,62.36
2024-03-03 06:09:00,66.79
2024-03-03 06:10:00,69.63
2024-03-03 06:11:00,67.72
2024-03-03 06:12:00,73.51
2024-03-03 06:13:00,66.85
2024-03-03 06:14:00,71.35
2024-03-03 06:15:00,68.85
2024-03-03 06:16:00,71.06
2024-03-03 06:17:00,68.28
2024-03-03 06:18:00,68.42
2024-03-03 06:19:00,65.24
2024-03-03 06:20:00,63.88
2024-03-03 06:21:00,63.61
2024-03-03 06:22:00,65.88
2024-03-03 06:23:00,59.86
2024-03-03 06:24:00,58.05
2024-03-03 06:25:00,61.91
2024-03-03 06:26:00,57.91
2024-03-03 06:27:00,54.45
2024-03-03 06:28:00,52.85
2024-03-03 06:29:00,52.79
2024-03-03 06:30:00,51.15
2024-03-03 06:31:00,46.35
2024-03-03 06:32:00,44.44
2024-03-03 06:33:00,45.22
2024-03-03 06:34:00,40.35
2024-03-03 06:35:00,39.41
2024-03-03 06:36:00,39.5
2024-03-03 06:37:00,33.92
2024-03-03 06:38:00,35.33
2024-03-03 06:39:00,33.09
2024-03-03 06:40:00,31.7
2024-03-03 06:41:00,32.68
2024-03-03 06:42:00,31.61
2024-03-03 06:43:00,32.14
2024-03-03 06:44:00,31.28
2024-03-03 06:45:00,28.44
2024-03-03 06:46:00,33.69
2024-03-03 06:47:00,31.93
2024-03-03 06:48:00,31.55
2024-03-03 06:49:00,29.27
2024-03-03 06:50:00,33.78
2024-03-03 06:51:00,34.15
2024-03-03 06:52:00,33.84
2024-03-03 06:53:00,38.23
2024-03-03 06:54:00,37.19
2024-03-03 06:55:00,43.25
2024-03-03 06:56:00,43.93
2024-03-03 06:57:00,43.39
2024-03-03 06:58:00,46.89
2024-03-03 06:59:00,49.84
2024-03-03 07:00:00,51.45
2024-03-03 07:01:00,53.79
2024-03-03 07:02:00,49.38
2024-03-03 07:03:00,59.25
2024-03-03 07:04:00,57.52
2024-03-03 07:05:00,60.82
2024-03-03 07:06:00,64.59
2024-03-03 07:07:00,62.07
2024-03-03 07:08:00,64.27
2024-03-03 07:09:00,64.51
2024-03-03 07:10:00,68.23
2024-03-03 07:11:00,71.29
2024-03-03 07:12:00,68.34
2024-03-03 07:13:00,72.24
2024-03-03 07:14:00,71.67
2024-03-03 07:15:00,71.19
2024-03-03 07:16:00,68.23
2024-03-03 07:17:00,67.66
2024-03-03 07:18:00,68.09
2024-03-03 07:19:00,67.16
2024-03-03 07:20:00,66.61
2024-03-03 07:21:00,66.39
2024-03-03 07:22:00,66.07
2024-03-03 07:23:00,64.01
2024-03-03 07:24:00,59.62
2024-03-03 07:25:00,57.15
2024-03-03 07:26:00,56.61
2024-03-03 07:27:00,55.09
2024-03-03 07:28:00,57.24
2024-03-03 07:29:00,52.23
2024-03-03 07:30:00,50.16
2024-03-03 07:31:00,47.68
2024-03-03 07:32:00,44.48
2024-03-03 07:33:00,42.58
2024-03-03 07:34:00,39.11
2024-03-03 07:35:00,41.73
2024-03-03 07:36:00,35.94
2024-03-03 07:37:00,37.64
2024-03-03 07:38:00,34.11
2024-03-03 07:39:00,31.07
2024-03-03 07:40:00,30.23
2024-03-03 07:41:00,32.11
2024-03-03 07:42:00,30.78
2024-03-03 07:43:00,30.18
2024-03-03 07:44:00,32.32
2024-03-03 07:45:00,30.32
2024-03-03 07:46:00,28.81
2024-03-03 07:47:00,25.7
2024-03-03 07:48:00,28.03
2024-03-03 07:49:00,31.23
2024-03-03 07:50:00,33.48
2024-03-03 07:51:00,33.38
2024-03-03 07:52:00,36.72
2024-03-03 07:53:00,38.25
2024-03-03 07:54:00,36.69
2024-03-03 07:55:00,39.3
2024-03-03 07:56:00,38.82
2024-03-03 07:57:00,46.46
2024-03-03 07:58:00,43.28
2024-03-03 07:59:00,47.4
2024-03-03 08:00:00,52.42
2024-03-03 08:01:00,50.92
2024-03-03 08:02:00,52.94
2024-03-03 08:03:00,56.48
2024-03-03 08:04:00,58.99
2024-03-03 08:05:00,62.21
2024-03-03 08:06:00,64.05
2024-03-03 08:07:00,64.05
2024-03-03 08:08:00,66.32
2024-03-03 08:09:00,64.83
2024-03-03 08:10:00,69.08
2024-03-03 08:11:00,65.44
2024-03-03 08:12:00,69.73
2024-03-03 08:13:00,67.89
2024-03-03 08:14:00,67.65
2024-03-03 08:15:00,68.15
2024-03-03 08:16:00,70.88
2024-03-03 08:17:00,70.28
2024-03-03 08:18:00,67.51
2024-03-03 08:19:00,65.45
2024-03-03 08:20:00,69.55
2024-03-03 08:21:00,66.76
2024-03-03 08:22:00,62.78
2024-03-03 08:23:00,63.65
2024-03-03 08:24:00,62.19
2024-03-03 08:25:00,54.7
2024-03-03 08:26:00,62.65
2024-03-03 08:27:00,57.08
2024-03-03 08:28:00,53.99
2024-03-03 08:29:00,50.13
2024-03-03 08:30:00,50.24
2024-03-03 08:31:00,50.56
2024-03-03 08:32:00,41.09
2024-03-03 08:33:00,42.76
2024-03-03 08:34:00,45.29
2024-03-03 08:35:00,39.45
2024-03-03 08:36:00,40.45
2024-03-03 08:37:00,34.49
2024-03-03 08:38:00,35.68
2024-03-03 08:39:00,31.41
2024-03-03 08:40:00,32.03
2024-03-03 08:41:00,29.69
2024-03-03 08:42:00,34.9
2024-03-03 08:43:00,28.34
2024-03-03 08:44:00,31.65
2024-03-03 08:45:00,29.97
2024-03-03 08:46:00,30.68
2024-03-03 08:47:00,33.15
2024-03-03 08:48:00,29.61
2024-03-03 08:49:00,33.2
2024-03-03 08:50:00,33.1
2024-03-03 08:51:00,30.85
2024-03-03 08:52:00,37.34
2024-03-03 08:53:00,33.73
2024-03-03 08:54:00,37.31
2024-03-03 08:55:00,40.06
2024-03-03 08:56:00,38.75
2024-03-03 08:57:00,45.48
2024-03-03 08:58:00,43.26
2024-03-03 08:59:00,50.76
2024-03-03 09:00:00,47.03
2024-03-03 09:01:00,54.28
2024-03-03 09:02:00,54.33
2024-03-03 09:03:00,53.2
2024-03-03 09:04:00,62.69
2024-03-03 09:05:00,60.2
2024-03-03 09:06:00,61.16
2024-03-03 09:07:00,64.04
2024-03-03 09:08:00,68.82
2024-03-03 09:09:00,66.5
2024-03-03 09:10:00,65.0
2024-03-03 09:11:00,69.57
2024-03-03 09:12:00,73.68
2024-03-03 09:13:00,69.11
2024-03-03 09:14:00,67.67
2024-03-03 09:15:00,67.64
2024-03-03 09:16:00,68.6
2024-03-03 09:17:00,67.93
2024-03-03 09:18:00,70.04
2024-03-03 09:19:00,69.18
2024-03-03 09:20:00,66.91
2024-03-03 09:21:00,67.51
2024-03-03 09:22:00,66.09
2024-03-03 09:23:00,62.82
2024-03-03 09:24:00,62.04
2024-03-03 09:25:00,63.07
2024-03-03 09:26:00,60.94
2024-03-03 09:27:00,55.66
2024-03-03 09:28:00,53.18
2024-03-03 09:29:00,55.63
2024-03-03 09:30:00,51.61
2024-03-03 09:31:00,50.32
2024-03-03 09:32:00,42.5
2024-03-03 09:33:00,43.94
2024-03-03 09:34:00,39.09
2024-03-03 09:35:00,40.25
2024-03-03 09:36:00,42.1
2024-03-03 09:37:00,36.69
2024-03-03 09:38:00,34.93
2024-03-03 09:39:00,32.51
2024-03-03 09:40:00,38.39
2024-03-03 09:41:00,29.73
2024-03-03 09:42:00,28.35
2024-03-03 09:43:00,27.69
2024-03-03 09:44:00,31.81
2024-03-03 09:45:00,29.89
2024-03-03 09:46:00,30.81
2024-03-03 09:47:00,32.06
2024-03-03 09:48:00,32.62
2024-03-03 09:49:00,31.38
2024-03-03 09:50:00,28.96
2024-03-03 09:51:00,35.0
2024-03-03 09:52:00,36.11
2024-03-03 09:53:00,38.59
2024-03-03 09:54:00,38.06
2024-03-03 09:55:00,42.08
2024-03-03 09:56:00,43.95
2024-03-03 09:57:00,43.3
2024-03-03 09:58:00,49.75
2024-03-03 09:59:00,49.51
2024-03-03 10:00:00,51.15
2024-03-03 10:01:00,50.66
2024-03-03 10:02:00,56.38
2024-03-03 10:03:00,56.89
2024-03-03 10:04:00,56.77
2024-03-03 10:05:00,58.34
2024-03-03 10:06:00,62.56
2024-03-03 10:07:00,63.75
2024-03-03 10:08:00,64.84
2024-03-03 10:09:00,63.71
2024-03-03 10:10:00,66.33
2024-03-03 10:11:00,66.92
2024-03-03 10:12:00,67.34
2024-03-03 10:13:00,70.27
2024-03-03 10:14:00,68.65
2024-03-03 10:15:00,68.18
2024-03-03 10:16:00,72.19
2024-03-03 10:17:00,71.51
2024-03-03 10:18:00,71.06
2024-03-03 10:19:00,67.93
2024-03-03 10:20:00,69.77
2024-03-03 10:21:00,66.69
2024-03-03 10:22:00,63.65
2024-03-03 10:23:00,61.96
2024-03-03 10:24:00,65.72
2024-03-03 10:25:00,57.1
2024-03-03 10:26:00,55.81
2024-03-03 10:27:00,56.62
2024-03-03 10:28:00,51.45
2024-03-03 10:29:00,53.46
2024-03-03 10:30:00,51.59
2024-03-03 10:31:00,48.53
2024-03-03 10:32:00,46.25
2024-03-03 10:33:00,42.57
2024-03-03 10:34:00,40.51
2024-03-03 10:35:00,39.67
2024-03-03 10:36:00,39.77
2024-03-03 10:37:00,37.96
2024-03-03 10:38:00,33.65
2024-03-03 10:39:00,33.34
2024-03-03 10:40:00,31.51
2024-03-03 10:41:00,33.58
2024-03-03 10:42:00,30.83
2024-03-03 10:43:00,29.31
2024-03-03 10:44:00,27.82
2024-03-03 10:45:00,28.58
2024-03-03 10:46:00,32.8
2024-03-03 10:47:00,29.99
2024-03-03 10:48:00,29.07
2024-03-03 10:49:00,33.0
2024-03-03 10:50:00,30.81
2024-03-03 10:51:00,32.21
2024-03-03 10:52:00,34.37
2024-03-03 10:53:00,35.14
2024-03-03 10:54:00,38.36
2024-03-03 10:55:00,45.53
2024-03-03 10:56:00,44.93
2024-03-03 10:57:00,42.64
2024-03-03 10:58:00,52.13
2024-03-03 10:59:00,47.18
2024-03-03 11:00:00,49.76
2024-03-03 11:01:00,53.92
2024-03-03 11:02:00,56.95
2024-03-03 11:03:00,54.67
2024-03-03 11:04:00,60.22
2024-03-03 11:05:00,62.84
2024-03-03 11:06:00,62.23
2024-03-03 11:07:00,64.66
2024-03-03 11:08:00,63.83
2024-03-03 11:09:00,65.28
2024-03-03 11:10:00,66.44
2024-03-03 11:11:00,69.08
2024-03-03 11:12:00,68.0
2024-03-03 11:13:00,67.0
2024-03-03 11:14:00,70.64
2024-03-03 11:15:00,69.51
2024-03-03 11:16:00,71.6
2024-03-03 11:17:00,69.41
2024-03-03 11:18:00,70.84
2024-03-03 11:19:00,68.61
2024-03-03 11:20:00,68.89
2024-03-03 11:21:00,65.64
2024-03-03 11:22:00,63.26
2024-03-03 11:23:00,63.46
2024-03-03 11:24:00,60.9
2024-03-03 11:25:00,58.27
2024-03-03 11:26:00,58.99
2024-03-03 11:27:00,55.74
2024-03-03 11:28:00,50.01
2024-03-03 11:29:00,47.86
2024-03-03 11:30:00,48.32
2024-03-03 11:31:00,49.72
2024-03-03 11:32:00,46.01
2024-03-03 11:33:00,42.71
2024-03-03 11:34:00,37.98
2024-03-03 11:35:00,40.61
2024-03-03 11:36:00,40.03
2024-03-03 11:37:00,34.94
2024-03-03 11:38:00,35.87
2024-03-03 11:39:00,31.46
2024-03-03 11:40:00,31.16
2024-03-03 11:41:00,28.41
2024-03-03 11:42:00,31.77
2024-03-03 11:43:00,30.84
2024-03-03 11:44:00,34.22
2024-03-03 11:45:00,31.19
2024-03-03 11:46:00,30.56
2024-03-03 11:47:00,32.77
2024-03-03 11:48:00,29.75
2024-03-03 11:49:00,33.29
2024-03-03 11:50:00,30.35
2024-03-03 11:51:00,37.09
2024-03-03 11:52:00,37.73
2024-03-03 11:53:00,38.64
2024-03-03 11:54:00,35.59
2024-03-03 11:55:00,39.95
2024-03-03 11:56:00,38.48
2024-03-03 11:57:00,44.47
2024-03-03 11:58:00,43.86
2024-03-03 11:59:00,47.36
2024-03-03 12:00:00,48.21
2024-03-03 12:01:00,53.19
2024-03-03 12:02:00,52.74
2024-03-03 12:03:00,55.7
2024-03-03 12:04:00,62.06
2024-03-03 12:05:00,59.43
2024-03-03 12:06:00,60.47
2024-03-03 12:07:00,65.49
2024-03-03 12:08:00,63.48
2024-03-03 12:09:00,64.31
2024-03-03 12:10:00,68.66
2024-03-03 12:11:00,70.81
2024-03-03 12:12:00,67.7
2024-03-03 12:13:00,67.26
2024-03-03 12:14:00,67.66
2024-03-03 12:15:00,69.7
2024-03-03 12:16:00,70.79
2024-03-03 12:17:00,69.44
2024-03-03 12:18:00,69.11
2024-03-03 12:19:00,68.19
2024-03-03 12:20:00,67.44
2024-03-03 12:21:00,63.97
2024-03-03 12:22:00,64.23
2024-03-03 12:23:00,63.25
2024-03-03 12:24:00,62.97
2024-03-03 12:25:00,59.65
2024-03-03 12:26:00,61.21
2024-03-03 12:27:00,50.3
2024-03-03 12:28:00,56.32
2024-03-03 12:29:00,50.24
2024-03-03 12:30:00,51.54
2024-03-03 12:31:00,50.1
2024-03-03 12:32:00,43.78
2024-03-03 12:33:00,39.71
2024-03-03 12:34:00,41.4
2024-03-03 12:35:00,38.91
2024-03-03 12:36:00,41.77
2024-03-03 12:37:00,37.48
2024-03-03 12:38:00,34.05
2024-03-03 12:39:00,35.27
2024-03-03 12:40:00,30.02
2024-03-03 12:41:00,35.4
2024-03-03 12:42:00,32.8
2024-03-03 12:43:00,27.41
2024-03-03 12:44:00,24.37
2024-03-03 12:45:00,30.52
2024-03-03 12:46:00,26.42
2024-03-03 12:47:00,28.46
2024-03-03 12:48:00,33.64
2024-03-03 12:49:00,31.18
2024-03-03 12:50:00,28.39
2024-03-03 12:51:00,30.98
2024-03-03 12:52:00,37.58
2024-03-03 12:53:00,37.09
2024-03-03 12:54:00,40.96
2024-03-03 12:55:00,42.5
2024-03-03 12:56:00,44.22
2024-03-03 12:57:00,42.81
2024-03-03 12:58:00,44.54
2024-03-03 12:59:00,52.01
2024-03-03 13:00:00,52.82
2024-03-03 13:01:00,54.21
2024-03-03 13:02:00,57.5
2024-03-03 13:03:00,57.07
2024-03-03 13:04:00,58.43
2024-03-03 13:05:00,56.47
2024-03-03 13:06:00,61.1
2024-03-03 13:07:00,62.3
2024-03-03 13:08:00,65.49
2024-03-03 13:09:00,64.9
2024-03-03 13:10:00,68.66
2024-03-03 13:11:00,65.8
2024-03-03 13:12:00,70.38
2024-03-03 13:13:00,67.48
2024-03-03 13:14:00,74.4
2024-03-03 13:15:00,70.39
2024-03-03 13:16:00,67.91
2024-03-03 13:17:00,68.67
2024-03-03 13:18:00,66.53
2024-03-03 13:19:00,68.96
2024-03-03 13:20:00,67.67
2024-03-03 13:21:00,64.47
2024-03-03 13:22:00,63.69
2024-03-03 13:23:00,63.95
2024-03-03 13:24:00,58.32
2024-03-03 13:25:00,60.43
2024-03-03 13:26:00,61.88
2024-03-03 13:27:00,57.21
2024-03-03 13:28:00,54.8
2024-03-03 13:29:00,53.1
2024-03-03 13:30:00,50.78
2024-03-03 13:31:00,51.1
2024-03-03 13:32:00,44.33
2024-03-03 13:33:00,40.24
2024-03-03 13:34:00,43.48
2024-03-03 13:35:00,44.02
2024-03-03 13:36:00,38.87
2024-03-03 13:37:00,37.62
2024-03-03 13:38:00,33.55
2024-03-03 13:39:00,34.68
2024-03-03 13:40:00,32.87
2024-03-03 13:41:00,28.73
2024-03-03 13:42:00,31.88
2024-03-03 13:43:00,30.79
2024-03-03 13:44:00,29.18
2024-03-03 13:45:00,29.85
2024-03-03 13:46:00,27.16
2024-03-03 13:47:00,29.23
2024-03-03 13:48:00,30.78
2024-03-03 13:49:00,31.54
2024-03-03 13:50:00,34.09
2024-03-03 13:51:00,33.22
2024-03-03 13:52:00,32.78
2024-03-03 13:53:00,37.26
2024-03-03 13:54:00,39.95
2024-03-03 13:55:00,39.76
2024-03-03 13:56:00,39.77
2024-03-03 13:57:00,40.63
2024-03-03 13:58:00,44.54
2024-03-03 13:59:00,47.35
2024-03-03 14:00:00,49.81
2024-03-03 14:01:00,53.13
2024-03-03 14:02:00,53.89
2024-03-03 14:03:00,53.86
2024-03-03 14:04:00,55.99
2024-03-03 14:05:00,63.93
2024-03-03 14:06:00,62.08
2024-03-03 14:07:00,64.37
2024-03-03 14:08:00,63.41
2024-03-03 14:09:00,64.81
2024-03-03 14:10:00,65.39
2024-03-03 14:11:00,70.11
2024-03-03 14:12:00,68.72
2024-03-03 14:13:00,69.31
2024-03-03 14:14:00,70.4
2024-03-03 14:15:00,70.36
2024-03-03 14:16:00,71.24
2024-03-03 14:17:00,69.85
2024-03-03 14:18:00,69.7
2024-03-03 14:19:00,67.84
2024-03-03 14:20:00,68.24
2024-03-03 14:21:00,68.64
2024-03-03 14:22:00,62.72
2024-03-03 14:23:00,65.43
2024-03-03 14:24:00,62.57
2024-03-03 14:25:00,62.95
2024-03-03 14:26:00,59.8
2024-03-03 14:27:00,57.03
2024-03-03 14:28:00,51.68
2024-03-03 14:29:00,53.31
2024-03-03 14:30:00,50.51
2024-03-03 14:31:00,47.97
2024-03-03 14:32:00,47.88
2024-03-03 14:33:00,45.62
2024-03-03 14:34:00,39.01
2024-03-03 14:35:00,41.14
2024-03-03 14:36:00,38.01
2024-03-03 14:37:00,36.7
2024-03-03 14:38:00,35.26
2024-03-03 14:39:00,38.46
2024-03-03 14:40:00,34.34
2024-03-03 14:41:00,28.83
2024-03-03 14:42:00,29.69
2024-03-03 14:43:00,33.36
2024-03-03 14:44:00,30.02
2024-03-03 14:45:00,30.51
2024-03-03 14:46:00,27.73
2024-03-03 14:47:00,32.38
2024-03-03 14:48:00,31.22
2024-03-03 14:49:00,37.69
2024-03-03 14:50:00,31.55
2024-03-03 14:51:00,36.38
2024-03-03 14:52:00,35.82
2024-03-03 14:53:00,37.15
2024-03-03 14:54:00,39.1
2024-03-03 14:55:00,37.44
2024-03-03 14:56:00,43.43
2024-03-03 14:57:00,45.05
2024-03-03 14:58:00,43.34
2024-03-03 14:59:00,45.31
2024-03-03 15:00:00,47.95
2024-03-03 15:01:00,52.93
2024-03-03 15:02:00,56.05
2024-03-03 15:03:00,54.31
2024-03-03 15:04:00,58.47
2024-03-03 15:05:00,57.5
2024-03-03 15:06:00,60.47
2024-03-03 15:07:00,59.99
2024-03-03 15:08:00,65.5
2024-03-03 15:09:00,65.08
2024-03-03 15:10:00,66.43
2024-03-03 15:11:00,65.24
2024-03-03 15:12:00,67.47
2024-03-03 15:13:00,70.26
2024-03-03 15:14:00,71.17
2024-03-03 15:15:00,74.59
2024-03-03 15:16:00,68.11
2024-03-03 15:17:00,65.4
2024-03-03 15:18:00,67.92
2024-03-03 15:19:00,66.95
2024-03-03 15:20:00,68.13
2024-03-03 15:21:00,62.25
2024-03-03 15:22:00,65.87
2024-03-03 15:23:00,61.09
2024-03-03 15:24:00,58.05
2024-03-03 15:25:00,60.02
2024-03-03 15:26:00,57.91
2024-03-03 15:27:00,55.38
2024-03-03 15:28:00,54.37
2024-03-03 15:29:00,48.41
2024-03-03 15:30:00,48.58
2024-03-03 15:31:00,47.86
2024-03-03 15:32:00,43.6
2024-03-03 15:33:00,44.51
2024-03-03 15:34:00,42.93
2024-03-03 15:35:00,37.92
2024-03-03 15:36:00,39.63
2024-03-03 15:37:00,35.04
2024-03-03 15:38:00,36.04
2024-03-03 15:39:00,35.66
2024-03-03 15:40:00,33.52
2024-03-03 15:41:00,29.12
2024-03-03 15:42:00,33.67
2024-03-03 15:43:00,28.81
2024-03-03 15:44:00,28.62
2024-03-03 15:45:00,25.72
2024-03-03 15:46:00,29.62
2024-03-03 15:47:00,27.98
2024-03-03 15:48:00,34.0
2024-03-03 15:49:00,28.39
2024-03-03 15:50:00,33.96
2024-03-03 15:51:00,33.18
2024-03-03 15:52:00,32.28
2024-03-03 15:53:00,36.62
2024-03-03 15:54:00,40.21
2024-03-03 15:55:00,40.64
2024-03-03 15:56:00,38.83
2024-03-03 15:57:00,41.48
2024-03-03 15:58:00,47.54
2024-03-03 15:59:00,48.37
2024-03-03 16:00:00,49.52
2024-03-03 16:01:00,53.19
2024-03-03 16:02:00,51.35
2024-03-03 16:03:00,61.67
2024-03-03 16:04:00,57.36
2024-03-03 16:05:00,60.05
2024-03-03 16:06:00,63.05
2024-03-03 16:07:00,57.69
2024-03-03 16:08:00,67.28
2024-03-03 16:09:00,64.88
2024-03-03 16:10:00,64.29
2024-03-03 16:11:00,70.41
2024-03-03 16:12:00,67.9
2024-03-03 16:13:00,69.01
2024-03-03 16:14:00,68.73
2024-03-03 16:15:00,68.05
2024-03-03 16:16:00,69.46
2024-03-03 16:17:00,68.27
2024-03-03 16:18:00,68.6
2024-03-03 16:19:00,69.92
2024-03-03 16:20:00,66.54
2024-03-03 16:21:00,69.2
2024-03-03 16:22:00,63.11
2024-03-03 16:23:00,65.77
2024-03-03 16:24:00,62.2
2024-03-03 16:25:00,60.04
2024-03-03 16:26:00,53.76
2024-03-03 16:27:00,57.06
2024-03-03 16:28:00,54.97
2024-03-03 16:29:00,52.34
2024-03-03 16:30:00,51.73
2024-03-03 16:31:00,47.91
2024-03-03 16:32:00,46.48
2024-03-03 16:33:00,44.14
2024-03-03 16:34:00,43.11
2024-03-03 16:35:00,40.69
2024-03-03 16:36:00,37.79
2024-03-03 16:37:00,36.34
2024-03-03 16:38:00,37.69
2024-03-03 16:39:00,29.8
2024-03-03 16:40:00,30.79
2024-03-03 16:41:00,34.99
2024-03-03 16:42:00,30.64
2024-03-03 16:43:00,30.16
2024-03-03 16:44:00,32.69
2024-03-03 16:45:00,25.21
2024-03-03 16:46:00,29.77
2024-03-03 16:47:00,27.23
2024-03-03 16:48:00,27.74
2024-03-03 16:49:00,33.96
2024-03-03 16:50:00,34.53
2024-03-03 16:51:00,34.12
2024-03-03 16:52:00,35.72
2024-03-03 16:53:00,35.54
2024-03-03 16:54:00,38.49
2024-03-03 16:55:00,40.61
2024-03-03 16:56:00,45.97
2024-03-03 16:57:00,44.58
2024-03-03 16:58:00,46.16
2024-03-03 16:59:00,45.42
2024-03-03 17:00:00,50.64
2024-03-03 17:01:00,51.14
2024-03-03 17:02:00,57.34
2024-03-03 17:03:00,55.88
2024-03-03 17:04:00,58.78
2024-03-03 17:05:00,58.6
2024-03-03 17:06:00,64.49
2024-03-03 17:07:00,63.71
2024-03-03 17:08:00,64.86
2024-03-03 17:09:00,61.59
2024-03-03 17:10:00,68.16
2024-03-03 17:11:00,69.42
2024-03-03 17:12:00,66.24
2024-03-03 17:13:00,67.17
2024-03-03 17:14:00,69.31
2024-03-03 17:15:00,71.91
2024-03-03 17:16:00,69.63
2024-03-03 17:17:00,68.8
2024-03-03 17:18:00,67.46
2024-03-03 17:19:00,68.5
2024-03-03 17:20:00,69.19
2024-03-03 17:21:00,66.58
2024-03-03 17:22:00,63.61
2024-03-03 17:23:00,67.44
2024-03-03 17:24:00,60.42
2024-03-03 17:25:00,59.42
2024-03-03 17:26:00,57.28
2024-03-03 17:27:00,58.46
2024-03-03 17:28:00,55.75
2024-03-03 17:29:00,51.98
2024-03-03 17:30:00,49.3
2024-03-03 17:31:00,48.59
2024-03-03 17:32:00,47.02
2024-03-03 17:33:00,44.44
2024-03-03 17:34:00,40.07
2024-03-03 17:35:00,37.55
2024-03-03 17:36:00,39.91
2024-03-03 17:37:00,33.26
2024-03-03 17:38:00,34.85
2024-03-03 17:39:00,35.72
2024-03-03 17:40:00,34.97
2024-03-03 17:41:00,30.91
2024-03-03 17:42:00,29.09
2024-03-03 17:43:00,27.96
2024-03-03 17:44:00,31.93
2024-03-03 17:45:00,29.04
2024-03-03 17:46:00,30.45
2024-03-03 17:47:00,28.3
2024-03-03 17:48:00,29.19
2024-03-03 17:49:00,34.47
2024-03-03 17:50:00,31.38
2024-03-03 17:51:00,32.69
2024-03-03 17:52:00,34.33
2024-03-03 17:53:00,36.12
2024-03-03 17:54:00,38.68
2024-03-03 17:55:00,39.74
2024-03-03 17:56:00,44.65
2024-03-03 17:57:00,45.16
2024-03-03 17:58:00,46.86
2024-03-03 17:59:00,43.36
2024-03-03 18:00:00,45.79
2024-03-03 18:01:00,54.31
2024-03-03 18:02:00,53.28
2024-03-03 18:03:00,56.17
2024-03-03 18:04:00,57.47
2024-03-03 18:05:00,62.24
2024-03-03 18:06:00,62.27
2024-03-03 18:07:00,62.91
2024-03-03 18:08:00,62.42
2024-03-03 18:09:00,65.52
2024-03-03 18:10:00,68.6
2024-03-03 18:11:00,66.83
2024-03-03 18:12:00,66.1
2024-03-03 18:13:00,70.04
2024-03-03 18:14:00,70.31
2024-03-03 18:15:00,72.81
2024-03-03 18:16:00,68.48
2024-03-03 18:17:00,70.03
2024-03-03 18:18:00,69.02
2024-03-03 18:19:00,70.95
2024-03-03 18:20:00,66.61
2024-03-03 18:21:00,64.71
2024-03-03 18:22:00,60.94
2024-03-03 18:23:00,66.79
2024-03-03 18:24:00,60.24
2024-03-03 18:25:00,62.21
2024-03-03 18:26:00,56.14
2024-03-03 18:27:00,56.73
2024-03-03 18:28:00,54.39
2024-03-03 18:29:00,54.01
2024-03-03 18:30:00,51.06
2024-03-03 18:31:00,45.98
2024-03-03 18:32:00,50.8
2024-03-03 18:33:00,43.71
2024-03-03 18:34:00,41.8
2024-03-03 18:35:00,41.05
2024-03-03 18:36:00,38.1
2024-03-03 18:37:00,36.1
2024-03-03 18:38:00,35.7
2024-03-03 18:39:00,35.39
2024-03-03 18:40:00,32.85
2024-03-03 18:41:00,33.94
2024-03-03 18:42:00,33.19
2024-03-03 18:43:00,29.76
2024-03-03 18:44:00,29.57
2024-03-03 18:45:00,31.14
2024-03-03 18:46:00,29.95
2024-03-03 18:47:00,30.43
2024-03-03 18:48:00,31.43
2024-03-03 18:49:00,34.17
2024-03-03 18:50:00,33.97
2024-03-03 18:51:00,32.38
2024-03-03 18:52:00,34.28
2024-03-03 18:53:00,38.11
2024-03-03 18:54:00,39.82
2024-03-03 18:55:00,38.18
2024-03-03 18:56:00,44.28
2024-03-03 18:57:00,42.04
2024-03-03 18:58:00,45.76
2024-03-03 18:59:00,49.89
2024-03-03 19:00:00,50.59
2024-03-03 19:01:00,52.44
2024-03-03 19:02:00,56.56
2024-03-03 19:03:00,55.04
2024-03-03 19:04:00,58.76
2024-03-03 19:05:00,58.7
2024-03-03 19:06:00,59.44
2024-03-03 19:07:00,62.46
2024-03-03 19:08:00,67.41
2024-03-03 19:09:00,68.81
2024-03-03 19:10:00,71.52
2024-03-03 19:11:00,66.62
2024-03-03 19:12:00,70.26
2024-03-03 19:13:00,71.9
2024-03-03 19:14:00,75.56
2024-03-03 19:15:00,67.75
2024-03-03 19:16:00,65.72
2024-03-03 19:17:00,69.65
2024-03-03 19:18:00,71.67
2024-03-03 19:19:00,65.14
2024-03-03 19:20:00,65.28
2024-03-03 19:21:00,61.94
2024-03-03 19:22:00,64.44
2024-03-03 19:23:00,62.47
2024-03-03 19:24:00,62.11
2024-03-03 19:25:00,61.37
2024-03-03 19:26:00,59.49
2024-03-03 19:27:00,58.17
2024-03-03 19:28:00,53.58
2024-03-03 19:29:00,53.66
2024-03-03 19:30:00,49.4
2024-03-03 19:31:00,48.81
2024-03-03 19:32:00,41.69
2024-03-03 19:33:00,44.39
2024-03-03 19:34:00,38.48
2024-03-03 19:35:00,39.74
2024-03-03 19:36:00,33.52
2024-03-03 19:37:00,40.57
2024-03-03 19:38:00,34.15
2024-03-03 19:39:00,35.22
2024-03-03 19:40:00,31.33
2024-03-03 19:41:00,28.94
2024-03-03 19:42:00,29.51
2024-03-03 19:43:00,31.87
2024-03-03 19:44:00,30.78
2024-03-03 19:45:00,32.68
2024-03-03 19:46:00,30.03
2024-03-03 19:47:00,32.87
2024-03-03 19:48:00,33.16
2024-03-03 19:49:00,32.44
2024-03-03 19:50:00,34.04
2024-03-03 19:51:00,32.27
2024-03-03 19:52:00,34.12
2024-03-03 19:53:00,35.91
2024-03-03 19:54:00,39.76
2024-03-03 19:55:00,40.15
2024-03-03 19:56:00,43.52
2024-03-03 19:57:00,47.12
2024-03-03 19:58:00,45.1
2024-03-03 19:59:00,53.06
2024-03-03 20:00:00,49.0
2024-03-03 20:01:00,48.34
2024-03-03 20:02:00,55.79
2024-03-03 20:03:00,57.41
2024-03-03 20:04:00,57.48
2024-03-03 20:05:00,61.19
2024-03-03 20:06:00,64.83
2024-03-03 20:07:00,61.72
2024-03-03 20:08:00,66.26
2024-03-03 20:09:00,68.51
2024-03-03 20:10:00,68.2
2024-03-03 20:11:00,66.51
2024-03-03 20:12:00,70.13
2024-03-03 20:13:00,67.35
2024-03-03 20:14:00,69.59
2024-03-03 20:15:00,66.35
2024-03-03 20:16:00,72.73
2024-03-03 20:17:00,71.56
2024-03-03 20:18:00,65.33
2024-03-03 20:19:00,69.4
2024-03-03 20:20:00,68.43
2024-03-03 20:21:00,67.47
2024-03-03 20:22:00,62.02
2024-03-03 20:23:00,62.75
2024-03-03 20:24:00,60.12
2024-03-03 20:25:00,62.54
2024-03-03 20:26:00,59.78
2024-03-03 20:27:00,55.42
2024-03-03 20:28:00,55.89
2024-03-03 20:29:00,52.87
2024-03-03 20:30:00,51.12
2024-03-03 20:31:00,48.01
2024-03-03 20:32:00,45.02
2024-03-03 20:33:00,42.44
2024-03-03 20:34:00,44.94
2024-03-03 20:35:00,43.16
2024-03-03 20:36:00,39.21
2024-03-03 20:37:00,38.17
2024-03-03 20:38:00,31.15
2024-03-03 20:39:00,33.79
2024-03-03 20:40:00,32.77
2024-03-03 20:41:00,29.06
2024-03-03 20:42:00,33.36
2024-03-03 20:43:00,30.12
2024-03-03 20:44:00,30.9
2024-03-03 20:45:00,32.18
2024-03-03 20:46:00,28.71
2024-03-03 20:47:00,31.87
2024-03-03 20:48:00,27.27
2024-03-03 20:49:00,31.83
2024-03-03 20:50:00,29.7
2024-03-03 20:51:00,32.93
2024-03-03 20:52:00,36.08
2024-03-03 20:53:00,36.24
2024-03-03 20:54:00,37.75
2024-03-03 20:55:00,36.49
2024-03-03 20:56:00,39.51
2024-03-03 20:57:00,41.58
2024-03-03 20:58:00,45.48
2024-03-03 20:59:00,48.74
2024-03-03 21:00:00,52.22
2024-03-03 21:01:00,55.17
2024-03-03 21:02:00,52.9
2024-03-03 21:03:00,56.22
2024-03-03 21:04:00,55.77
2024-03-03 21:05:00,60.61
2024-03-03 21:06:00,61.3
2024-03-03 21:07:00,63.44
2024-03-03 21:08:00,65.91
2024-03-03 21:09:00,68.68
2024-03-03 21:10:00,65.46
2024-03-03 21:11:00,71.19
2024-03-03 21:12:00,67.73
2024-03-03 21:13:00,72.84
2024-03-03 21:14:00,68.27
2024-03-03 21:15:00,69.3
2024-03-03 21:16:00,69.23
2024-03-03 21:17:00,71.49
2024-03-03 21:18:00,72.14
2024-03-03 21:19:00,69.83
2024-03-03 21:20:00,69.81
2024-03-03 21:21:00,64.78
2024-03-03 21:22:00,61.89
2024-03-03 21:23:00,61.52
2024-03-03 21:24:00,64.51
2024-03-03 21:25:00,61.85
2024-03-03 21:26:00,57.68
2024-03-03 21:27:00,55.12
2024-03-03 21:28:00,50.85
2024-03-03 21:29:00,50.65
2024-03-03 21:30:00,50.04
2024-03-03 21:31:00,48.72
2024-03-03 21:32:00,47.21
2024-03-03 21:33:00,44.85
2024-03-03 21:34:00,39.04
2024-03-03 21:35:00,42.52
2024-03-03 21:36:00,34.88
2024-03-03 21:37:00,37.1
2024-03-03 21:38:00,35.41
2024-03-03 21:39:00,36.91
2024-03-03 21:40:00,34.72
2024-03-03 21:41:00,31.42
2024-03-03 21:42:00,31.42
2024-03-03 21:43:00,29.92
2024-03-03 21:44:00,30.61
2024-03-03 21:45:00,30.27
2024-03-03 21:46:00,32.52
2024-03-03 21:47:00,27.52
2024-03-03 21:48:00,30.87
2024-03-03 21:49:00,27.61
2024-03-03 21:50:00,31.57
2024-03-03 21:51:00,37.08
2024-03-03 21:52:00,37.15
2024-03-03 21:53:00,34.8
2024-03-03 21:54:00,39.39
2024-03-03 21:55:00,36.39
2024-03-03 21:56:00,39.85
2024-03-03 21:57:00,40.85
2024-03-03 21:58:00,46.94
2024-03-03 21:59:00,47.06
2024-03-03 22:00:00,50.74
2024-03-03 22:01:00,54.76
2024-03-03 22:02:00,56.87
2024-03-03 22:03:00,53.68
2024-03-03 22:04:00,58.61
2024-03-03 22:05:00,58.94
2024-03-03 22:06:00,61.34
2024-03-03 22:07:00,68.05
2024-03-03 22:08:00,64.36
2024-03-03 22:09:00,63.01
2024-03-03 22:10:00,69.0
2024-03-03 22:11:00,65.77
2024-03-03 22:12:00,67.91
2024-03-03 22:13:00,73.55
2024-03-03 22:14:00,67.53
2024-03-03 22:15:00,74.22
2024-03-03 22:16:00,69.1
2024-03-03 22:17:00,68.51
2024-03-03 22:18:00,71.21
2024-03-03 22:19:00,65.47
2024-03-03 22:20:00,69.46
2024-03-03 22:21:00,64.24
2024-03-03 22:22:00,65.34
2024-03-03 22:23:00,64.0
2024-03-03 22:24:00,63.41
2024-03-03 22:25:00,61.81
2024-03-03 22:26:00,55.5
2024-03-03 22:27:00,56.46
2024-03-03 22:28:00,51.17
2024-03-03 22:29:00,53.16
2024-03-03 22:30:00,47.19
2024-03-03 22:31:00,47.2
2024-03-03 22:32:00,46.36
2024-03-03 22:33:00,43.15
2024-03-03 22:34:00,42.73
2024-03-03 22:35:00,38.8
2024-03-03 22:36:00,40.42
2024-03-03 22:37:00,36.2
2024-03-03 22:38:00,30.47
2024-03-03 22:39:00,36.52
2024-03-03 22:40:00,32.12
2024-03-03 22:41:00,31.52
2024-03-03 22:42:00,32.23
2024-03-03 22:43:00,29.43
2024-03-03 22:44:00,29.2
2024-03-03 22:45:00,30.65
2024-03-03 22:46:00,32.97
2024-03-03 22:47:00,30.35
2024-03-03 22:48:00,33.27
2024-03-03 22:49:00,30.16
2024-03-03 22:50:00,35.34
2024-03-03 22:51:00,30.74
2024-03-03 22:52:00,38.4
2024-03-03 22:53:00,35.73
2024-03-03 22:54:00,41.08
2024-03-03 22:55:00,39.13
2024-03-03 22:56:00,41.59
2024-03-03 22:57:00,39.27
2024-03-03 22:58:00,51.03
2024-03-03 22:59:00,45.95
2024-03-03 23:00:00,52.65
2024-03-03 23:01:00,52.16
2024-03-03 23:02:00,56.96
2024-03-03 23:03:00,55.47
2024-03-03 23:04:00,58.55
2024-03-03 23:05:00,61.08
2024-03-03 23:06:00,60.49
2024-03-03 23:07:00,65.48
2024-03-03 23:08:00,63.25
2024-03-03 23:09:00,67.23
2024-03-03 23:10:00,69.77
2024-03-03 23:11:00,69.78
2024-03-03 23:12:00,67.2
2024-03-03 23:13:00,71.11
2024-03-03 23:14:00,76.06
2024-03-03 23:15:00,72.1
2024-03-03 23:16:00,69.03
2024-03-03 23:17:00,72.59
2024-03-03 23:18:00,69.41
2024-03-03 23:19:00,67.12
2024-03-03 23:20:00,66.02
2024-03-03 23:21:00,67.51
2024-03-03 23:22:00,66.25
2024-03-03 23:23:00,65.96
2024-03-03 23:24:00,61.83
2024-03-03 23:25:00,57.1
2024-03-03 23:26:00,58.06
2024-03-03 23:27:00,55.3
2024-03-03 23:28:00,52.14
2024-03-03 23:29:00,53.28
2024-03-03 23:30:00,52.16
2024-03-03 23:31:00,47.48
2024-03-03 23:32:00,43.48
2024-03-03 23:33:00,43.22
2024-03-03 23:34:00,41.87
2024-03-03 23:35:00,40.01
2024-03-03 23:36:00,41.83
2024-03-03 23:37:00,33.69
2024-03-03 23:38:00,36.29
2024-03-03 23:39:00,33.95
2024-03-03 23:40:00,34.58
2024-03-03 23:41:00,29.96
2024-03-03 23:42:00,33.07
2024-03-03 23:43:00,31.68
2024-03-03 23:44:00,30.62
2024-03-03 23:45:00,28.54
2024-03-03 23:46:00,27.19
2024-03-03 23:47:00,31.91
2024-03-03 23:48:00,30.84
2024-03-03 23:49:00,31.84
2024-03-03 23:50:00,32.13
2024-03-03 23:51:00,36.29
2024-03-03 23:52:00,34.35
2024-03-03 23:53:00,34.7
2024-03-03 23:54:00,36.96
2024-03-03 23:55:00,42.85
2024-03-03 23:56:00,45.83
2024-03-03 23:57:00,43.2
2024-03-03 23:58:00,44.8
2024-03-03 23:59:00,47.95
